uid,utc,lat,lon
0,2010-07-11T01:58:45Z,31.051031026526264,-91.35780134674671
0,2010-06-23T02:13:01Z,30.894371332932383,-90.9882381413917
0,2010-10-03T22:21:49Z,30.216667619068108,-92.21550537677969
0,2010-07-18T02:22:38Z,30.241686991537673,-96.4313052558957
0,2010-06-04T13:51:34Z,31.61856286838624,-94.55588801172958
0,2010-08-09T14:42:40Z,31.070649525973742,-97.84390874380543
0,2010-09-25T02:00:54Z,37.50942794974569,-119.537306746634
0,2010-08-30T14:17:05Z,39.16453936910666,-109.19516490688557
0,2010-08-28T03:08:50Z,39.203031204403956,-104.31339759709536
0,2010-08-17T23:48:51Z,39.77881632226271,-105.28725241133746
0,2010-08-30T20:57:25Z,39.526796850181356,-98.53598384412149
0,2010-06-06T22:11:04Z,39.28630996425132,-101.16332706474675
0,2010-06-10T03:21:53Z,39.82625779387818,-105.14127050838623
0,2010-07-26T13:36:43Z,39.772958998540766,-105.40877189702029
0,2010-06-04T21:10:51Z,39.83940445108246,-100.83237988438026
0,2010-09-11T18:36:30Z,40.481009268531864,-102.33820070086222
0,2010-06-08T02:29:37Z,31.934722260109314,-96.82743892360337
0,2010-08-25T18:59:04Z,32.692925621909396,-87.45795641736929
0,2010-06-05T22:46:27Z,34.89281936400528,-79.39900101592598
0,2010-07-26T16:37:17Z,39.869789348548466,-75.29274979742064
0,2010-06-05T01:05:27Z,31.479775675161555,-93.0907514978715
0,2010-10-07T15:27:40Z,30.66358948836981,-90.51559219886248
0,2010-09-21T02:17:22Z,31.468270112694334,-96.93159232960879
0,2010-07-08T16:56:27Z,30.85455811300462,-90.81084497000583
0,2010-05-22T02:49:04Z,37.55007121692383,-117.91294945199404
0,2010-09-09T18:22:04Z,36.19464940239923,-109.34125613318939
0,2010-10-12T15:57:20Z,33.98528032003466,-104.24423875299122
0,2010-07-26T16:37:17Z,33.587293295695126,-97.87926650818265
0,2010-08-19T20:51:29Z,31.113862789995764,-94.36485430836848
0,2010-10-12T22:02:11Z,31.93239236189177,-91.40410046226971
0,2010-08-28T19:16:11Z,31.53340079130835,-96.2272690597857
0,2010-10-09T21:39:26Z,31.651648664444938,-93.3722938736839
0,2010-10-07T21:58:31Z,31.867853149605356,-93.27431956476727
0,2010-10-12T22:02:11Z,31.170081110089647,-93.45028621663558
0,2010-08-30T00:11:01Z,31.530063965584503,-94.49619909635705
0,2010-07-09T15:49:21Z,32.1099161439009,-98.4441837248079
0,2010-06-10T03:21:53Z,34.77859662156445,-109.69538466253482
0,2010-07-26T16:37:17Z,35.501908025251836,-115.55786071501358
0,2010-08-19T20:51:29Z,38.86139674905642,-117.05662518591394
0,2010-07-02T17:51:31Z,30.946283774627187,-96.56107199364767
0,2010-08-31T16:19:01Z,31.60807851440891,-96.6297348436028
0,2010-10-08T00:07:48Z,30.828048245236054,-92.65562102146481
0,2010-07-26T03:19:42Z,32.59544195927619,-104.95333929014382
0,2010-05-22T19:13:12Z,40.2780765253162,-114.05713219144229
0,2010-09-06T00:07:17Z,30.840516626515374,-90.96511100966985
0,2010-08-18T01:56:15Z,31.479619040984804,-96.69786594297989
0,2010-09-13T01:13:03Z,31.13666327618719,-91.23673027591246
0,2010-09-08T16:58:19Z,31.75893266988233,-90.28710530239763
0,2010-05-23T16:50:50Z,30.431542029395178,-96.63503260516607
0,2010-06-22T02:22:27Z,31.37172464215854,-91.59804785094397
0,2010-09-15T23:04:13Z,30.37488665504713,-91.65404301306585
0,2010-10-11T00:06:30Z,30.939428864696783,-92.63191573561986
0,2010-06-24T14:27:35Z,31.07863240884435,-95.07586752971814
0,2010-10-11T00:06:30Z,31.548392426573766,-93.85803017935179
0,2010-07-12T20:52:19Z,30.287474552876297,-95.25296575834366
0,2010-06-07T06:01:04Z,31.876849465846128,-97.29353333127517
0,2010-07-04T23:47:39Z,31.110965504945188,-96.32123335444018
0,2010-10-10T17:47:04Z,30.35767569833506,-92.844119874538
0,2010-06-23T02:13:01Z,31.936387664804613,-95.68250492734683
0,2010-09-03T00:28:30Z,30.480258301297482,-92.31648043595301
0,2010-08-01T02:54:49Z,31.210970689513196,-96.40843353327435
0,2010-09-26T16:43:45Z,30.35929328080895,-90.17493195016188
0,2010-09-08T16:58:19Z,30.52667584803545,-96.99028713889233
0,2010-07-03T00:02:18Z,31.015924421276267,-96.53061499659395
0,2010-08-08T18:37:40Z,30.537928937809447,-91.92293527715545
0,2010-08-18T01:56:15Z,31.826016906854626,-95.35234688382475
0,2010-10-12T00:21:28Z,30.30490919408026,-96.03872453870949
0,2010-09-08T16:58:19Z,31.102178102509352,-94.58502832822262
0,2010-10-01T14:36:39Z,40.74390352417962,-98.119516127596
0,2010-09-21T20:03:48Z,38.42834254200244,-91.17222576839254
0,2010-05-23T22:40:45Z,35.7928637896667,-95.92460497555403
0,2010-10-12T19:44:40Z,34.213463257088364,-94.78534975821988
0,2010-08-19T20:51:29Z,33.486239815684584,-97.77880649613269
0,2010-10-07T23:18:10Z,31.1638043842631,-97.19962567232942
0,2010-10-16T18:50:42Z,31.350069989832104,-92.67497215774239
0,2010-06-17T16:35:00Z,30.37231803348836,-94.28208779654082
0,2010-09-30T23:23:22Z,31.3009529314261,-97.71716387819978
0,2010-06-18T05:28:17Z,31.9253111374722,-94.40500097936591
0,2010-06-23T02:13:01Z,40.72214212007037,-74.8199815432372
0,2010-06-24T16:54:36Z,38.30494381770068,-89.22939884813734
0,2010-10-07T20:31:48Z,36.19620027131297,-96.97060576322541
0,2010-07-21T21:39:34Z,34.212148915883326,-97.33453760664166
0,2010-08-19T20:51:29Z,33.15726752180702,-92.26899423317326
0,2010-10-09T22:27:07Z,30.845263805193017,-98.07815403577673
0,2010-06-22T02:22:27Z,31.676413124562437,-94.96809448885212
0,2010-10-04T14:46:01Z,30.80473706402858,-96.87050385705287
0,2010-06-17T16:35:00Z,31.8185129098921,-92.21162984442836
0,2010-06-09T00:39:03Z,30.78298391373266,-96.11904289904389
0,2010-08-09T14:42:40Z,31.7788096266893,-97.78548265866613
0,2010-07-03T00:02:18Z,31.92604771322428,-91.87313143745504
0,2010-10-17T19:26:05Z,30.793491356062095,-96.14103660689358
0,2010-10-03T22:21:49Z,31.49121833569094,-92.51435949810366
0,2010-10-16T18:50:42Z,30.691390591671166,-93.08543289358737
0,2010-09-11T18:05:27Z,31.261163767696804,-97.80631937163842
0,2010-06-28T20:15:22Z,31.307618031761336,-97.90518407098378
0,2010-10-04T14:46:01Z,31.07213089609235,-95.8793220274343
0,2010-07-31T01:49:44Z,38.904607039347006,-117.76022443622247
0,2010-09-04T03:14:33Z,38.57065511712608,-118.79350779269335
0,2010-09-06T00:07:17Z,31.467382059030097,-95.64061645343862
0,2010-07-11T16:07:19Z,32.1863531882944,-100.14370614593065
0,2010-06-06T22:11:04Z,34.57952229961992,-108.55511980593728
0,2010-06-10T19:52:54Z,36.87845698356803,-118.98910563043725
0,2010-06-10T22:53:50Z,38.428041818818365,-115.47060447569866
0,2010-08-14T16:27:11Z,40.44268820640442,-107.53023423599856
0,2010-09-01T22:36:33Z,40.02588481693814,-101.18683605515808
0,2010-10-12T00:21:28Z,31.742480438566183,-92.57168787052751
0,2010-08-06T22:29:22Z,30.782672504511716,-91.92602597972919
0,2010-09-13T01:13:03Z,40.75540064337253,-81.26451169308983
0,2010-06-02T15:48:11Z,40.19926317406581,-82.92521048803597
0,2010-10-05T23:11:39Z,39.07568908977627,-95.92494321924434
0,2010-10-09T21:05:23Z,39.40135400408151,-97.37626659928215
0,2010-10-12T15:57:20Z,40.012095574221874,-93.58321118549293
0,2010-09-26T16:43:45Z,40.510301388904686,-113.41148324815933
0,2010-10-08T17:24:27Z,39.257526823302015,-104.70286121789184
0,2010-10-11T20:21:20Z,39.970261231609044,-95.01449142349169
0,2010-09-11T22:48:18Z,39.500327758508035,-83.16692675714218
0,2010-10-12T22:02:11Z,39.84692163303759,-75.66761253367653
0,2010-08-28T19:16:11Z,39.72013340867771,-79.7810181096219
0,2010-10-07T21:58:31Z,40.52613241562819,-79.9331228216385
0,2010-06-10T22:53:50Z,40.69828050712618,-77.50940510591394
0,2010-10-09T21:39:26Z,39.93870534917219,-77.7333598967337
0,2010-10-12T22:02:11Z,40.0323467979052,-78.25795016593504
0,2010-10-08T21:43:52Z,40.38998591895839,-76.78847499704753
0,2010-10-07T21:58:31Z,40.620490594314504,-74.63312864726727
0,2010-06-21T04:31:09Z,30.665304128614085,-96.17951765654746
0,2010-05-27T22:39:52Z,30.241449298189277,-96.70307216041272
0,2010-07-04T23:47:39Z,30.270809555373887,-96.79842152155088
0,2010-06-16T00:09:30Z,31.5717202346191,-92.90492656823804
0,2010-06-10T00:04:04Z,40.43605325618527,-105.38752802662549
0,2010-09-21T20:03:48Z,37.50866961785365,-95.43514583357543
0,2010-08-28T03:08:50Z,36.813751684804814,-90.39610733368902
0,2010-08-19T20:20:56Z,35.440175933124415,-92.6407988261284
0,2010-08-19T20:51:29Z,33.181259373518685,-95.08004455497878
0,2010-10-09T22:27:07Z,31.044734762746423,-90.17872661421879
0,2010-09-11T18:05:27Z,30.343020302026893,-90.02202104678577
0,2010-08-01T02:54:49Z,31.525195829397244,-94.8129148258467
0,2010-10-19T23:55:27Z,31.25706011882042,-94.78165388619773
0,2010-09-30T23:23:22Z,30.301477390391025,-91.2517340960502
0,2010-10-01T14:36:39Z,30.790221250972596,-96.91553514287267
0,2010-08-26T00:09:46Z,31.15899687254424,-91.51386234782571
0,2010-06-22T02:22:27Z,31.355864405256487,-92.554046551195
0,2010-06-24T16:54:36Z,32.32000437676283,-100.64838746574299
0,2010-09-11T18:36:30Z,35.244090600379614,-111.69909383217025
0,2010-10-07T21:02:01Z,36.38010584114169,-114.48773354682058
0,2010-06-10T22:53:50Z,38.249009360253766,-119.41640681970779
0,2010-09-05T17:33:43Z,40.15787638508037,-113.2051176100053
0,2010-10-08T17:24:27Z,37.254984669466324,-104.07742272445269
0,2010-06-08T20:26:32Z,30.509902639533983,-94.06809530768942
0,2010-06-09T00:39:03Z,40.421224346545216,-112.83554226098933
0,2010-10-17T23:42:03Z,37.83026317717132,-102.58296035423338
0,2010-10-11T20:21:20Z,37.133654194161736,-97.98408416884776
0,2010-08-28T03:09:14Z,33.895620799665515,-97.74491199883215
0,2010-08-28T19:16:11Z,32.19015634266305,-95.23786551248575
0,2010-10-12T23:58:03Z,30.24408095148306,-97.0594710184721
0,2010-10-08T21:45:48Z,30.560000355505007,-90.04437816610994
0,2010-10-12T23:58:03Z,31.448743297915918,-91.23626215716754
0,2010-10-10T17:47:04Z,31.779212313652412,-97.16548369530753
0,2010-07-22T02:58:12Z,33.211642549667665,-94.70272437985601
0,2010-07-22T18:22:41Z,34.37950838975487,-97.77792544215433
0,2010-07-21T21:39:34Z,36.99848408687966,-91.52534943989511
0,2010-06-10T22:53:50Z,38.56782939787134,-97.20440252328281
0,2010-10-07T21:58:31Z,37.468378194386,-97.31320893752398
0,2010-08-19T20:51:29Z,38.58024671661556,-95.22794207586922
0,2010-06-15T14:20:40Z,31.272539272579337,-95.52033634666303
0,2010-10-03T22:21:49Z,30.393504174874874,-94.75820095263285
0,2010-09-08T16:58:19Z,31.433709075327236,-90.19314071360958
0,2010-05-31T20:10:37Z,31.95840368754751,-94.16808444370942
0,2010-06-03T22:45:08Z,30.496140536316872,-90.79939128312772
0,2010-06-18T05:28:17Z,30.541500819598422,-93.22365287098334
0,2010-09-26T16:43:45Z,30.31546481946642,-93.79463800995467
0,2010-09-07T16:12:49Z,30.246070282484506,-91.28742641956268
0,2010-10-16T18:50:42Z,30.959591308729845,-97.68203692210331
0,2010-07-26T02:35:03Z,30.952317604619168,-95.22340503706992
0,2010-07-25T04:40:18Z,31.925381158377405,-95.98610367921543
0,2010-10-04T14:46:01Z,30.71948187671173,-97.50425407263447
0,2010-09-09T14:25:57Z,39.21414284102103,-97.8405408235129
0,2010-07-13T18:17:34Z,39.914661713630196,-93.55728268881775
0,2010-07-31T01:49:44Z,31.44241692916215,-90.50698774772614
0,2010-09-24T21:32:13Z,39.23197246424474,-77.97501975888538
0,2010-09-30T23:23:22Z,39.68766606132533,-75.69713429310185
0,2010-10-02T22:21:22Z,39.725044136408414,-87.21490892713486
0,2010-08-26T22:47:32Z,39.78110701433581,-97.31555083849105
0,2010-06-08T20:26:32Z,40.53490673562356,-90.99962438282832
0,2010-08-17T23:48:51Z,39.907012971544056,-90.60593692917416
0,2010-10-08T19:28:36Z,39.84128358000377,-92.62347609350446
0,2010-07-26T13:36:43Z,39.86379754885438,-92.95244821508382
0,2010-07-07T17:40:19Z,30.510897284955284,-97.79316567402437
0,2010-06-16T00:09:30Z,31.349768270123754,-92.03514884017943
0,2010-08-24T16:26:53Z,40.12460773678346,-75.5582064911638
0,2010-10-07T20:14:44Z,38.81362728361288,-82.90928864885515
0,2010-10-12T15:57:20Z,35.79675468082132,-94.07736765568833
0,2010-08-19T20:20:56Z,34.998497516027975,-95.73576681283943
0,2010-10-09T21:39:26Z,33.503646509072595,-95.08339737189398
0,2010-08-19T21:59:09Z,30.335283067936867,-94.9461991941907
0,2010-09-07T16:12:49Z,32.80403310688712,-91.33833511223831
0,2010-09-24T21:32:13Z,31.029416282855586,-93.5962021803262
0,2010-08-30T14:17:05Z,31.667905166573103,-97.66446597406532
0,2010-09-24T21:32:13Z,30.75748270251754,-91.46485083049741
0,2010-08-30T14:17:05Z,30.922556179325646,-92.98380746691954
0,2010-09-13T18:00:26Z,30.279711923476654,-96.06959630755988
0,2010-06-09T19:20:01Z,31.55219807678002,-97.86739270251164
0,2010-10-10T21:17:14Z,30.318415654606824,-92.88184125585308
0,2010-07-12T22:14:34Z,31.164254662691476,-97.49264442613918
0,2010-06-12T19:16:57Z,31.87077904803745,-91.65864911270444
0,2010-08-12T15:50:54Z,38.709889304787964,-118.97826684073044
0,2010-10-06T23:25:34Z,38.59034220024559,-120.8681065112306
0,2010-06-29T14:52:50Z,31.020920490775577,-92.75768177537522
0,2010-07-17T02:54:37Z,31.450531250858962,-92.67249239647354
0,2010-08-23T14:45:49Z,30.261169203921654,-91.29407107597821
0,2010-09-03T00:28:30Z,31.236407787925586,-92.4899899055167
0,2010-07-26T02:35:03Z,30.54129692516487,-92.4558050913203
0,2010-07-02T17:51:31Z,30.425528345095213,-97.59156008838566
0,2010-09-25T02:00:54Z,31.25069269415724,-92.5124467696445
0,2010-09-04T03:14:33Z,30.49082241144385,-94.31508707555231
0,2010-09-09T14:25:57Z,31.53594547221898,-94.55872925256195
0,2010-05-26T14:16:56Z,30.974953042735404,-91.23112723062964
0,2010-09-03T00:28:30Z,30.290316183887644,-97.11252063631687
0,2010-08-20T02:49:08Z,30.44889977538026,-97.588186780912
0,2010-09-24T14:58:57Z,31.341503653850815,-93.88123958435138
0,2010-09-21T02:17:22Z,31.63283179621762,-95.21025247755412
0,2010-07-22T01:40:44Z,30.647622081747784,-96.86559957767217
0,2010-09-04T21:32:40Z,33.18155540223815,-90.90204263497264
0,2010-06-07T16:34:13Z,34.07031949143375,-97.25225939472524
0,2010-05-23T23:13:17Z,35.638605772335765,-92.25030720501161
0,2010-10-07T21:58:31Z,37.64123848512301,-93.9666948019909
0,2010-10-07T23:18:10Z,39.840177228526215,-94.04534121653019
0,2010-08-20T02:49:08Z,38.81434494504423,-114.68460482696281
0,2010-07-25T17:19:54Z,35.891006607951255,-113.9780740488335
0,2010-09-13T19:17:46Z,34.82566070475724,-100.05105112697947
0,2010-07-21T21:39:34Z,33.336723880560605,-97.74971132646729
0,2010-10-12T22:02:11Z,31.402473252894744,-92.37356991227774
0,2010-10-08T21:43:52Z,30.267638412598846,-92.28609397115162
0,2010-10-09T21:39:26Z,31.450294469417486,-91.9087522560644
0,2010-10-08T21:43:52Z,30.794843750733257,-91.43015463334093
0,2010-08-28T19:16:11Z,31.518912949779445,-91.60726491888833
0,2010-06-10T22:53:50Z,30.33992916042203,-91.22516268606374
0,2010-10-07T21:58:31Z,30.27556926431696,-90.16032621968095
0,2010-10-12T22:02:11Z,31.237357984361232,-96.00915346498891
0,2010-06-17T16:35:00Z,31.15028530877917,-90.55286957053141
0,2010-07-26T03:19:42Z,33.33494174122558,-105.85852479320783
0,2010-06-05T22:46:27Z,34.391415081419964,-107.96054613493271
0,2010-06-10T19:52:54Z,35.715244720288624,-120.67850384934471
0,2010-10-09T21:39:26Z,38.5931264243657,-116.80399034317747
0,2010-08-05T23:01:21Z,31.161742902640235,-90.62741534212513
0,2010-06-26T22:52:34Z,30.502107955120557,-95.45709946005393
0,2010-09-30T23:23:22Z,30.273514908872794,-90.31874621829344
0,2010-09-22T22:24:27Z,30.529143195515587,-97.02850073735776
0,2010-08-09T14:42:40Z,31.078562178375876,-94.506967433258
0,2010-10-08T00:07:48Z,30.732856790615642,-95.50968279179217
0,2010-06-08T02:29:37Z,31.488741126090353,-92.3703166020649
0,2010-09-09T14:25:57Z,31.4197793759308,-96.0043439906909
0,2010-07-09T00:55:03Z,31.606190349067525,-97.01061950878221
0,2010-07-21T02:01:23Z,32.788596589726836,-105.92917163060554
0,2010-06-08T20:26:32Z,34.765289617067694,-114.24415661778627
0,2010-06-10T19:52:54Z,37.10981917663612,-112.50147062881457
0,2010-10-09T21:39:26Z,38.6671879794452,-107.58041506050085
0,2010-08-19T21:59:09Z,39.0713367827723,-107.93894004234008
0,2010-08-28T22:27:57Z,39.6017515918698,-110.1303650003126
0,2010-08-28T22:27:57Z,40.42384542191895,-106.26221685603693
0,2010-09-06T00:07:17Z,39.642325963862724,-93.09956176299545
0,2010-07-29T23:59:07Z,38.49716448409565,-94.83852226223473
0,2010-10-09T21:05:23Z,30.22051837246591,-96.24589545459308
0,2010-05-23T16:50:50Z,31.10143926640915,-93.02560748677244
0,2010-06-23T02:13:01Z,30.31005629002433,-94.43181398639739
0,2010-08-19T00:49:02Z,31.767699570573832,-95.16289850390635
0,2010-06-22T02:22:27Z,30.217074686144453,-94.32016715201932
0,2010-06-09T00:39:03Z,31.39497723089404,-93.8921013971504
0,2010-07-07T17:40:19Z,30.531525411043223,-94.26358568106102
0,2010-06-01T14:38:22Z,38.295270811315554,-118.78083502995364
0,2010-06-21T13:27:02Z,36.85924998499508,-108.97178209077006
0,2010-10-11T20:21:20Z,34.925484719817895,-103.78632248197232
0,2010-10-09T21:36:05Z,33.1419218921533,-92.415199186943
0,2010-10-07T21:58:31Z,30.618413064857226,-96.97531971498552
0,2010-10-12T22:02:11Z,30.821291571072802,-95.26207705659846
0,2010-05-22T02:49:04Z,31.587773898781723,-95.18415672446986
0,2010-07-07T17:40:19Z,31.524740780473813,-96.29647298348456
0,2010-08-01T02:54:49Z,30.37137603316554,-91.660689238236
0,2010-08-25T18:59:04Z,33.37527102292972,-101.34572365831994
0,2010-05-23T22:40:45Z,34.345778105488726,-108.26238080411434
0,2010-06-10T19:52:54Z,37.022150183548355,-109.97260727364643
0,2010-10-09T21:39:26Z,39.42290260886786,-113.63126398671012
0,2010-08-04T14:51:55Z,37.835830858475575,-116.88710670699626
0,2010-07-25T17:19:54Z,37.22662682787074,-109.85590985504591
0,2010-06-21T20:03:10Z,35.27778431082223,-98.37173412050358
0,2010-10-07T21:02:01Z,30.311771519473815,-94.50956284585604
0,2010-06-25T04:13:07Z,31.81638640559359,-90.8368081079346
0,2010-09-07T16:12:49Z,30.852690010486153,-93.89049607131874
0,2010-07-05T01:06:29Z,31.081880156569976,-93.34236380207908
0,2010-06-22T02:22:27Z,30.2643877509042,-94.75807477200748
0,2010-06-26T22:52:34Z,30.395109992115366,-90.6423507338179
0,2010-06-26T22:52:34Z,31.369989232162535,-93.04700682469998
0,2010-08-25T02:03:08Z,31.577569754498107,-97.05011176553823
0,2010-07-07T17:40:19Z,31.420113205263675,-96.99923495646516
0,2010-10-11T00:06:30Z,31.601033774872487,-92.90785938785746
0,2010-07-23T02:00:23Z,31.94785088189569,-90.75435617010302
0,2010-06-15T14:20:40Z,30.963441897243445,-91.12556004229906
0,2010-10-12T00:21:28Z,31.381588533392932,-97.42085271264767
0,2010-09-15T23:04:13Z,31.894721024849495,-93.10935794862422
0,2010-09-03T00:28:30Z,31.611362927862235,-90.50204659378645
0,2010-05-27T22:39:52Z,39.700098235804894,-97.5037209394379
0,2010-06-27T18:20:17Z,38.74242541180902,-96.77346840152939
0,2010-06-07T16:34:13Z,37.00090213640981,-93.56373034038774
0,2010-10-07T21:02:01Z,33.78707786266494,-91.07203749943409
0,2010-10-09T21:39:26Z,30.978197205798345,-92.3668723229802
0,2010-08-31T16:19:01Z,31.74819400756365,-91.5183254571307
0,2010-09-04T03:14:33Z,31.45721745016221,-90.00262173266813
0,2010-05-26T14:16:56Z,40.675850692786256,-95.98793842635959
0,2010-08-24T17:33:20Z,38.08895776585479,-93.27928868357786
0,2010-06-05T22:46:27Z,35.97970678028505,-93.49602268241279
0,2010-09-11T22:48:18Z,30.358284138123405,-94.82533712703416
0,2010-07-10T00:40:50Z,30.43399262221669,-95.25711493342673
0,2010-07-31T01:49:44Z,31.723823200296014,-92.32524503663906
0,2010-06-04T13:51:34Z,31.290901639157255,-97.71417246957967
0,2010-09-17T00:04:39Z,30.534384037667827,-97.61234705575029
0,2010-08-14T16:27:11Z,30.615819537164935,-96.81366724174016
0,2010-09-11T18:13:13Z,33.41216904677853,-93.21294350152125
0,2010-10-11T20:21:20Z,34.57116190888334,-92.34825801833526
0,2010-05-23T23:13:17Z,35.8772357287219,-92.43856585468822
0,2010-10-12T22:02:11Z,37.55642363954851,-93.81344793013027
0,2010-06-10T22:53:50Z,38.810377485756874,-96.09331996543064
0,2010-10-09T21:39:26Z,37.451136650952485,-97.50795527637072
0,2010-05-31T20:10:37Z,40.11334058663358,-93.06775454843091
0,2010-07-12T22:14:34Z,38.269222872721095,-95.06248617984723
0,2010-06-21T20:03:10Z,36.727924061798824,-96.60034259112831
0,2010-07-26T16:37:17Z,34.5297282389081,-95.92387647525769
0,2010-10-12T22:02:11Z,32.431054949166054,-90.39570428348966
0,2010-08-28T22:27:57Z,30.940629046575626,-95.90573785214958
0,2010-10-08T21:45:48Z,30.550003916263204,-96.89601297949048
0,2010-08-19T21:59:09Z,30.330538520355212,-97.92082190361461
0,2010-10-07T23:18:10Z,31.1950628904075,-94.77451023741222
0,2010-10-09T22:27:07Z,31.48151707850611,-91.28182155963091
0,2010-08-19T21:59:09Z,30.244010994279837,-91.86049255304147
0,2010-06-27T01:06:11Z,40.370847526741294,-97.79765177128516
0,2010-09-21T20:03:48Z,38.993477095283914,-90.20395092137073
0,2010-07-26T13:36:43Z,36.43061825010938,-97.16936619048627
0,2010-10-09T21:36:05Z,35.16634036159984,-95.6746123393231
0,2010-10-12T22:02:11Z,32.368493617114844,-91.13479449280622
0,2010-10-09T22:27:07Z,31.667568055117677,-95.68898978466063
0,2010-10-07T23:18:10Z,31.59771744975791,-92.925328347974
0,2010-10-09T22:27:07Z,30.759479364348593,-90.81741086340776
0,2010-06-01T14:38:22Z,30.732104683320856,-95.65742492824762
0,2010-07-10T00:40:50Z,30.64704935216124,-93.89896229831471
0,2010-09-21T02:17:22Z,31.191392837155746,-91.10394869897486
0,2010-06-16T00:09:30Z,30.97509540215204,-90.08403377306078
0,2010-10-10T17:47:04Z,39.96983905802426,-90.46436474282169
0,2010-05-23T17:51:57Z,38.095711107638365,-97.41782477370515
0,2010-07-22T18:22:41Z,36.577222252695876,-95.22694544857363
0,2010-05-23T23:13:17Z,31.6091107089399,-90.26348345661792
0,2010-10-10T17:47:04Z,39.69278123877512,-81.39348339653483
0,2010-08-18T17:56:37Z,38.39637548241848,-85.18073547992356
0,2010-08-28T03:08:50Z,38.210608305526094,-95.37730387962777
0,2010-06-06T22:40:29Z,38.60517992142864,-101.68327122474675
0,2010-06-10T22:53:50Z,38.50988657535038,-107.47626418224563
0,2010-08-28T22:27:57Z,38.44401780169116,-118.59116301006843
0,2010-07-31T01:49:44Z,30.39183813361568,-93.35393726406309
0,2010-10-11T00:06:30Z,30.38005962377867,-93.78804061760721
0,2010-09-07T16:12:49Z,30.371552445330195,-97.30233290034168
0,2010-10-05T16:10:35Z,30.880800450744182,-96.8745009588821
0,2010-10-05T16:10:35Z,30.260082658870076,-95.80059672519815
0,2010-06-24T14:27:35Z,31.608554234536342,-96.59065501044181
0,2010-09-21T02:17:22Z,30.486500301563524,-90.34320774783427
0,2010-07-21T02:01:23Z,33.015508117783355,-96.57074126403532
0,2010-10-08T19:28:36Z,35.39778962768726,-92.29294916952703
0,2010-08-19T20:20:56Z,36.93332129912102,-93.63593177816594
0,2010-06-10T22:53:50Z,38.29421344585606,-94.32832493485863
0,2010-10-08T21:43:52Z,37.5139008581263,-90.84093008563865
0,2010-08-28T19:16:11Z,37.580693538445026,-90.85638592173616
0,2010-09-26T16:43:45Z,31.11896943097767,-94.50550035861752
0,2010-06-13T01:33:20Z,31.51502364786978,-92.3379281019732
0,2010-08-28T01:12:11Z,31.71828432785592,-95.98720701979589
0,2010-09-26T16:43:45Z,30.792535055376984,-97.57103923273093
0,2010-09-17T00:04:39Z,30.685912895526155,-96.06646281569957
0,2010-07-26T02:35:03Z,31.759396222723446,-91.20330724198325
0,2010-07-07T17:40:19Z,30.546200772213744,-91.13928014534602
0,2010-08-31T16:19:01Z,30.340075223650604,-92.68707192766945
0,2010-06-18T05:28:17Z,39.504027834816625,-76.19219971008926
0,2010-06-18T19:05:50Z,37.73970845867856,-86.22308985556842
0,2010-10-11T20:21:20Z,35.83704444827507,-93.6467587032703
0,2010-07-26T16:37:17Z,34.260288975271834,-94.60433949440007
0,2010-10-12T22:02:11Z,32.11777298464608,-96.08179423970248
0,2010-10-08T21:45:48Z,30.494181576853023,-98.0618391744806
1,2010-07-08T05:53:44Z,45.666464319797626,6.713350512819774
1,2010-07-11T11:19:19Z,45.57516789976685,4.940396676126322
1,2010-07-11T11:19:19Z,44.7851483914264,4.686266904218065
1,2010-07-25T11:40:18Z,45.352532535524745,4.733073710624753
1,2010-07-11T11:19:19Z,46.32350774617576,3.1963227461707513
1,2010-07-08T05:53:44Z,47.05883223682877,3.720098119734809
1,2010-07-05T04:17:34Z,50.28265663066059,4.157603604641276
1,2010-07-14T04:13:35Z,49.47896461991175,6.650749194948091
1,2010-07-11T11:19:19Z,48.61987471723232,5.386010331080995
1,2010-07-25T11:40:18Z,44.99573626171812,-0.017365441815792915
1,2010-07-07T07:53:20Z,45.29346000163501,-0.3568742204242952
1,2010-07-11T11:19:19Z,45.63350709011092,0.7619440940489484
1,2010-07-24T12:21:43Z,45.20926741202857,2.0710359987629268
1,2010-07-10T03:33:04Z,45.072858633253986,3.888259096304437
1,2010-07-08T05:53:44Z,45.080880414344364,6.143331838310913
1,2010-07-15T04:09:15Z,46.27670331166104,5.7127557386575525
1,2010-07-11T11:19:19Z,47.49375516890762,4.846842349264127
1,2010-07-13T03:33:55Z,50.34221315374136,3.270138227851595
1,2010-07-06T10:46:41Z,49.997143396467166,6.7190632538948005
1,2010-07-11T11:19:19Z,45.11431808593391,0.015650384399986672
1,2010-07-14T04:13:35Z,48.96440708115105,2.4191348793195417
1,2010-07-11T11:19:19Z,50.22567979154986,2.997011113303661
1,2010-07-11T03:45:31Z,50.36808479028122,5.0793183537381745
1,2010-07-06T10:46:41Z,49.847385472906744,6.426344985095113
1,2010-07-05T04:17:34Z,50.01399223194155,6.432575471205446
1,2010-07-25T11:40:18Z,49.764781878994675,6.140377643823256
1,2010-07-08T05:53:44Z,49.73367676368097,5.950634462297845
1,2010-07-13T03:33:55Z,45.401733419278166,6.427178234561897
1,2010-07-15T04:09:15Z,45.01032988718574,6.626299312640552
1,2010-07-15T04:09:15Z,45.962078989228914,5.598226674555524
1,2010-07-11T11:19:19Z,45.57121051032493,4.3530793060048945
1,2010-07-11T03:45:31Z,44.733481725851455,3.2904398124993284
1,2010-07-06T10:46:41Z,45.135396075469984,1.8215491356500901
1,2010-07-13T03:33:55Z,44.840665707220865,1.358704691952235
1,2010-07-05T04:17:34Z,45.009486732806174,-0.12378788580277267
1,2010-07-13T03:33:55Z,50.33481373904185,4.030873701253409
1,2010-07-11T11:19:19Z,48.6202817524577,3.6554475544393403
1,2010-07-07T07:53:20Z,48.40528922732257,3.303953784368986
1,2010-07-24T12:21:43Z,47.55792685303966,3.1858761004932465
1,2010-07-06T10:46:41Z,47.85451954444112,3.851589305965346
1,2010-07-08T05:53:44Z,49.36302408405848,2.6474103904024338
1,2010-07-11T11:19:19Z,50.1438941257096,3.771480688105445
2,2010-10-01T16:44:01Z,34.13231929756041,-118.4310851275446
2,2010-08-26T01:37:13Z,34.94410303121565,-119.52803147766254
2,2010-09-02T02:11:45Z,35.68766401758651,-119.89961317353499
2,2010-09-11T18:11:32Z,36.07355656831471,-120.84510114297125
2,2010-09-23T16:56:52Z,37.11016537635941,-121.0454366896115
2,2010-09-04T03:53:48Z,37.43102964708406,-122.08280354777712
2,2010-09-13T16:35:46Z,37.24291590609719,-122.29928160665492
2,2010-09-13T16:35:46Z,37.78968240158178,-122.13961320616336
2,2010-09-30T16:52:17Z,37.25986927623277,-122.11029164868104
2,2010-08-29T21:54:26Z,37.859938011793886,-121.93124244749433
2,2010-08-27T01:13:21Z,37.78391434196629,-122.24500719887682
2,2010-09-16T02:55:10Z,37.280747876462215,-122.1714018929396
2,2010-08-28T00:03:28Z,37.441513998848755,-121.84138178215913
2,2010-09-18T00:14:48Z,37.48759986316318,-121.75052992092819
2,2010-09-11T18:12:21Z,37.699415233359936,-122.26905309510562
2,2010-09-09T02:03:50Z,37.328889919633966,-122.38978231674643
2,2010-09-08T02:15:59Z,37.8330168598781,-122.17426665575552
2,2010-09-09T02:03:50Z,37.58332673742733,-121.80472312021939
2,2010-08-26T01:39:58Z,37.23232686865284,-121.82901884143921
2,2010-09-13T16:35:46Z,37.284678952218606,-121.95652309394805
2,2010-09-12T18:41:10Z,37.60516002341775,-122.11570286574754
2,2010-09-03T01:54:31Z,37.892409087756626,-121.95257169602928
2,2010-09-15T02:30:26Z,37.43531342210778,-122.40265293414477
2,2010-08-30T17:09:51Z,37.53672558375783,-121.9289218726679
2,2010-09-12T18:41:10Z,37.63009832033261,-121.81390240882533
2,2010-09-02T02:15:21Z,37.7208871868216,-122.07870902277398
2,2010-09-04T03:53:48Z,37.70841001585439,-122.16308217410793
2,2010-08-26T01:39:58Z,37.29876544332155,-121.76970161288538
2,2010-09-17T02:04:07Z,37.26222033553034,-122.01709470707603
2,2010-09-03T01:54:31Z,37.305994757399816,-121.7744819486618
2,2010-08-29T21:54:26Z,37.82949341043155,-121.7509074173468
2,2010-08-30T17:09:51Z,37.808451127546746,-122.23558997452092
2,2010-09-30T16:52:17Z,37.571663841043396,-122.19848484083522
2,2010-09-16T02:55:10Z,37.38001006107707,-122.29718132031307
2,2010-09-15T02:30:26Z,37.32451029851328,-122.1873092225294
2,2010-09-19T05:35:00Z,37.26811757586119,-121.87145247607474
2,2010-08-28T00:03:28Z,37.698698314421016,-121.93399104414492
2,2010-09-04T03:53:48Z,37.757499645398546,-122.02913415129416
2,2010-10-03T21:18:21Z,37.346633913113585,-122.3619085794451
2,2010-09-30T16:52:17Z,37.426612653066684,-122.08067047423805
2,2010-09-06T00:35:58Z,37.25813704684334,-121.76939012734358
2,2010-10-02T00:07:36Z,34.28450877815704,-118.31900935833323
2,2010-09-24T02:11:07Z,34.27404729965748,-118.60198850139236
2,2010-09-01T05:19:31Z,34.39682340169102,-118.44364465484949
2,2010-09-01T05:19:31Z,34.482906025552076,-118.28624771335474
2,2010-10-21T00:03:50Z,34.08064752446738,-118.24739435342038
2,2010-08-25T16:44:12Z,34.22605067792185,-118.7138453599266
2,2010-09-01T05:19:31Z,33.948836972152506,-118.61813501282927
2,2010-09-01T05:19:31Z,34.11097036921403,-118.38729616346191
2,2010-09-16T02:39:50Z,34.29257557136098,-118.78229950123611
2,2010-10-12T01:35:37Z,33.948314354999084,-118.4156731522182
2,2010-09-11T18:09:02Z,34.00064539301277,-118.19093571955379
2,2010-10-12T01:35:37Z,34.27955677758134,-118.38249690695535
2,2010-09-13T16:31:19Z,37.657401878571264,-122.0190088972333
2,2010-09-05T20:32:07Z,37.86857077136815,-121.93399258962067
2,2010-09-13T16:31:19Z,34.243286281504126,-118.63901052915129
2,2010-09-04T03:49:52Z,34.03270424696659,-118.33233032831932
2,2010-10-07T00:17:00Z,34.002573564999736,-118.76392551775733
2,2010-10-15T16:00:09Z,34.05174329295494,-118.4153770350527
2,2010-09-18T00:11:07Z,34.46945763353205,-118.5582965481875
2,2010-09-04T03:49:52Z,34.32735545409325,-118.7731865688289
2,2010-09-06T00:23:25Z,34.0014114249572,-118.29686260376367
2,2010-09-10T02:43:24Z,33.85615880694207,-118.76557592780567
2,2010-08-25T16:44:12Z,34.27504395053542,-118.50673107127413
2,2010-09-04T03:50:27Z,34.96966076359149,-119.58448342785044
2,2010-10-07T19:14:49Z,35.844194833784975,-120.30339302710127
2,2010-10-01T17:02:14Z,36.431717283552246,-120.43697638122158
2,2010-10-01T20:58:49Z,37.01442007797227,-121.44803729998604
2,2010-08-31T02:29:00Z,37.82516940594081,-121.80483712351436
2,2010-09-10T02:47:55Z,37.43765388745,-122.06063735729603
2,2010-09-03T01:54:31Z,37.40524544446204,-121.99831028423363
2,2010-09-05T20:36:16Z,37.30892491295272,-121.87393987048503
2,2010-09-10T02:47:55Z,37.678848714926154,-121.74331466449344
2,2010-08-26T01:39:58Z,37.709818436064666,-122.0327693665078
2,2010-08-29T21:54:26Z,37.50719131342402,-122.39129463540198
2,2010-08-27T01:13:21Z,37.79163766174731,-122.13599972967866
2,2010-09-21T02:24:16Z,37.4073756153564,-122.10210269416618
2,2010-09-14T17:04:31Z,37.39971645847718,-121.8358574516369
2,2010-09-14T17:04:31Z,37.57289839020874,-122.13347597787563
2,2010-08-29T21:54:26Z,37.64230587032692,-122.21270204701031
2,2010-09-07T02:12:53Z,37.21772099264506,-121.79704702886849
2,2010-09-13T16:35:46Z,37.537052545078375,-121.99500736936065
2,2010-09-06T00:35:58Z,37.677731166913205,-122.29903768276165
2,2010-09-05T20:36:16Z,37.86999912166017,-122.11385912438774
2,2010-09-04T03:53:48Z,37.660292242137324,-122.03162708346008
2,2010-09-21T02:24:16Z,37.56734023629786,-121.92146676065187
2,2010-10-03T21:18:21Z,37.6007389639217,-122.30961444092105
2,2010-09-30T16:52:17Z,37.776175612752674,-121.97680848108448
2,2010-09-06T00:35:58Z,37.71981341330734,-122.18485964592247
2,2010-09-18T00:14:48Z,37.27509147327712,-122.02981922641983
2,2010-09-17T02:04:07Z,37.60764416456756,-121.77086726088709
2,2010-09-04T03:53:48Z,37.75378591964797,-122.30152196529586
2,2010-09-21T02:24:16Z,37.41518589586905,-121.75312593936408
2,2010-08-26T01:39:58Z,37.77316065452431,-121.7317386490914
2,2010-08-30T17:09:51Z,37.83402175873882,-121.90833430306583
2,2010-09-05T20:36:16Z,37.288163760698644,-121.77412262378988
2,2010-08-31T02:29:00Z,37.8428082925234,-122.40954700123717
2,2010-09-16T02:55:10Z,37.75249321284694,-121.77351500765889
2,2010-08-28T00:03:28Z,37.37570346852301,-122.2032352876509
2,2010-09-04T03:53:48Z,37.33735154051896,-122.07968669831351
2,2010-09-09T00:54:33Z,33.90660781058788,-118.57901351791921
2,2010-09-25T01:33:18Z,33.913542858332114,-118.48497362848128
2,2010-08-28T00:00:24Z,34.31679841316856,-118.66377628801246
2,2010-10-08T02:00:05Z,34.304743856052255,-118.782137625904
2,2010-10-12T01:35:37Z,37.858968789345695,-122.02891935722681
2,2010-08-30T02:53:40Z,36.90549686451033,-121.54248507228301
2,2010-09-21T02:22:30Z,36.21762107221319,-120.70302917320082
2,2010-09-03T01:52:41Z,35.214357765723356,-119.89392590297986
2,2010-09-24T02:34:31Z,34.83342885296786,-119.26870675996419
2,2010-09-10T02:47:55Z,34.228423905145256,-118.59371011074161
2,2010-09-14T16:59:14Z,33.99088266396901,-118.28848046801455
2,2010-09-13T16:31:19Z,34.451126827612974,-118.82102558289688
2,2010-08-26T01:36:20Z,34.34438755836837,-118.87271103916507
2,2010-09-13T16:31:19Z,34.02897112483437,-118.19038289981373
2,2010-10-01T16:44:01Z,34.07067582793612,-118.41696022246008
2,2010-08-28T00:00:24Z,34.008921716961865,-118.54812091632895
2,2010-10-12T01:35:37Z,34.36286480600007,-118.79788772865574
2,2010-09-23T02:19:28Z,34.30860007105602,-118.56547369261027
2,2010-09-23T02:19:28Z,34.222009343977064,-118.28660529265956
2,2010-10-07T00:17:00Z,33.83972614942178,-118.77107097976652
2,2010-09-11T18:09:02Z,37.764192489192794,-121.89299337027387
2,2010-10-06T16:34:09Z,36.8536169292596,-121.29647355845422
2,2010-10-03T21:16:16Z,35.96977588733911,-120.4814202723718
2,2010-09-14T17:01:25Z,35.822216303270594,-120.29776491097142
2,2010-09-16T02:54:01Z,34.69841864713508,-118.93934216541108
2,2010-09-02T02:15:21Z,33.85219620766794,-118.45939207756544
2,2010-08-30T02:51:06Z,34.42069334433565,-118.82109843500645
2,2010-09-25T01:33:18Z,34.249579984733735,-118.8622369408183
2,2010-09-17T01:56:59Z,34.44004930074189,-118.72053088244517
2,2010-09-12T01:28:29Z,34.38540355425511,-118.61801867929437
2,2010-10-21T00:03:50Z,34.23479674144419,-118.41136487105031
2,2010-10-06T16:06:00Z,34.24112311183716,-118.6494763931572
2,2010-09-09T00:54:33Z,34.386478553748546,-118.50592059750845
2,2010-10-12T01:35:37Z,34.00244579309938,-118.50621885760016
2,2010-09-23T02:19:28Z,37.26133399190638,-122.41361823907647
2,2010-10-06T16:34:09Z,36.643303698767056,-121.22327566548002
2,2010-10-01T16:46:08Z,36.075273924253786,-120.72202401395126
2,2010-09-12T18:31:16Z,35.47339451836231,-120.10781905060134
2,2010-10-01T20:58:49Z,34.834569530281065,-119.58328486694751
2,2010-08-29T21:54:26Z,33.856137278039554,-118.24975777345836
2,2010-08-28T00:00:24Z,34.441146955974205,-118.4426233419472
2,2010-09-11T18:09:02Z,34.42684606040317,-118.54301266431358
2,2010-09-21T02:16:59Z,33.89698246990908,-118.82040375582746
2,2010-09-18T00:11:07Z,33.96687163330484,-118.19807134325785
2,2010-09-28T16:17:58Z,34.138667177527616,-118.87639978614978
2,2010-09-09T00:54:33Z,34.14128772674417,-118.6356561663244
2,2010-09-15T02:20:36Z,34.320616793193075,-118.49453854140091
2,2010-09-22T02:32:39Z,34.115209658974784,-118.63444601236982
2,2010-09-28T16:17:58Z,34.42993971501819,-118.54264201612995
2,2010-09-10T02:43:24Z,34.47395078515949,-118.42231869259955
2,2010-08-28T00:00:24Z,34.33801842191161,-118.50333308295642
2,2010-10-12T01:35:37Z,34.12669337580071,-118.71062997285358
2,2010-09-30T16:19:00Z,34.154445177171006,-118.83506751952478
2,2010-09-25T01:33:18Z,34.293770346393686,-118.48958767041405
2,2010-09-08T02:10:35Z,34.42701691037976,-118.85052790012077
2,2010-09-03T01:51:21Z,34.307449833396504,-118.88537377711339
2,2010-09-13T16:31:19Z,34.425873847785326,-118.28056411273442
2,2010-08-25T16:44:12Z,34.1006408399855,-118.21494240404749
2,2010-09-08T02:10:35Z,34.00343475321482,-118.38325513442855
2,2010-09-17T01:58:01Z,35.0527771536184,-119.35224720099063
2,2010-09-30T16:21:12Z,35.71632638355003,-119.62305681810362
2,2010-09-03T01:52:41Z,36.40983053530091,-120.42301152870044
2,2010-09-05T20:35:20Z,36.81628871467748,-121.58824496681504
2,2010-09-07T02:12:53Z,37.80072109836286,-122.23945919881837
2,2010-09-09T02:03:50Z,37.73057372215941,-121.95506802638928
2,2010-09-16T02:55:10Z,37.54523069838235,-122.11573725891007
2,2010-09-14T17:04:31Z,37.69237453688158,-121.92688454422769
2,2010-09-30T16:52:17Z,37.4610464399819,-122.12820670342848
2,2010-09-03T01:54:31Z,37.2318861938383,-121.78787589603924
2,2010-09-15T02:30:26Z,37.566215785760846,-121.91124584310184
2,2010-09-03T01:54:31Z,37.25022759031295,-122.29925323498672
2,2010-10-01T21:15:42Z,37.57153160149497,-122.2967174196814
2,2010-08-30T17:09:51Z,37.284023182600784,-121.7921822625673
2,2010-08-30T17:09:51Z,37.28863365683417,-122.28185080658777
2,2010-09-21T02:24:16Z,37.697389577605165,-121.95180761825853
2,2010-09-05T20:36:16Z,37.53930105301612,-122.14393295847746
2,2010-09-14T17:04:31Z,37.41370750809897,-122.20061406464299
2,2010-09-21T02:24:16Z,37.51225650051012,-122.01993964119605
2,2010-09-18T00:14:48Z,37.41405256648308,-122.17133012680976
2,2010-09-25T02:01:37Z,37.435921073357136,-122.09574594572253
2,2010-09-06T00:35:58Z,37.70063214160239,-122.07455467812592
2,2010-10-01T21:15:42Z,37.73094697913857,-122.40967866517393
2,2010-08-28T00:03:28Z,37.74404501260938,-121.86705701372573
2,2010-09-04T03:53:48Z,37.39859780859414,-122.29045079631729
2,2010-09-14T17:04:31Z,37.6526989063843,-122.15667659483883
2,2010-08-30T17:09:51Z,37.49294025537815,-121.84551266612607
2,2010-09-30T16:52:17Z,37.75475406561691,-122.16955193601979
2,2010-08-26T01:39:58Z,37.78720786568112,-121.97283399190025
2,2010-08-31T02:29:00Z,37.842381768698836,-122.30188361773673
2,2010-09-09T02:03:50Z,37.69816495744437,-122.3695245720129
2,2010-09-21T02:24:16Z,37.22266045433498,-122.20893566375365
2,2010-09-21T02:24:16Z,37.61698604187897,-122.17004572771123
2,2010-10-01T21:15:42Z,37.53853038798462,-121.98370071439344
2,2010-08-31T02:29:00Z,37.61266286866528,-122.23619317617893
2,2010-08-27T01:13:21Z,37.279808292595504,-121.98715582548135
2,2010-09-17T02:04:07Z,37.28881659514854,-121.80831535682285
2,2010-09-19T05:35:00Z,37.61831177344651,-121.75571654715128
2,2010-09-14T17:04:31Z,37.52186124429587,-122.2824465103855
2,2010-09-19T05:35:00Z,37.25103432627127,-121.83615330483228
2,2010-09-20T16:40:26Z,33.9970777994052,-118.63013871079337
2,2010-08-27T01:08:45Z,34.33532192329801,-118.43259767346845
2,2010-09-25T01:33:18Z,33.95092498290063,-118.56780774053036
2,2010-09-05T20:32:07Z,34.234170901564,-118.54265639529385
2,2010-08-27T01:08:45Z,34.06575823419561,-118.2110537727708
2,2010-09-10T02:43:24Z,33.91962192762365,-118.59928205330357
2,2010-09-28T16:17:58Z,34.419482717377015,-118.87418711859198
2,2010-09-04T03:49:52Z,34.41287683477716,-118.31602344278961
2,2010-09-13T16:31:19Z,34.05608891086277,-118.19699150101164
2,2010-09-20T16:40:26Z,34.19694623187283,-118.75075607248529
2,2010-09-17T01:56:59Z,33.86359870047862,-118.8245963771278
2,2010-09-25T01:33:18Z,34.13568884470716,-118.21687845893302
2,2010-10-02T00:07:36Z,34.418151006820814,-118.46244950288977
2,2010-08-29T21:52:15Z,34.88482975213301,-119.19155010123623
2,2010-09-21T02:22:30Z,35.392320794770406,-119.82799363610904
2,2010-09-30T16:21:54Z,36.18686951725712,-120.68283176681994
2,2010-10-03T21:18:00Z,36.833032818610235,-121.46357621960733
2,2010-09-15T02:30:26Z,37.42487525529681,-122.02490199231404
2,2010-08-30T17:09:51Z,37.25742031606262,-121.82447337983811
2,2010-08-27T01:13:21Z,37.67871612659181,-121.88823817110398
2,2010-09-02T02:15:21Z,37.543477705825296,-122.32319457804806
2,2010-08-31T02:29:00Z,37.67016726362682,-121.94387152190728
2,2010-09-05T20:36:16Z,37.8519555066026,-121.9611841792208
2,2010-09-21T02:24:16Z,37.64082066427219,-122.3946455669036
2,2010-10-03T21:18:21Z,37.22636641270792,-122.19271055908524
2,2010-08-25T16:47:57Z,37.69129996346361,-121.79838210729659
2,2010-08-28T00:03:28Z,37.644000436334466,-121.95090390436712
2,2010-09-23T16:57:28Z,37.73089112037966,-121.75334990592734
2,2010-09-14T17:04:31Z,37.382950688761255,-122.00252321431076
2,2010-08-30T17:09:51Z,37.56115780941929,-122.37696956925518
2,2010-09-19T05:35:00Z,37.435375307747606,-122.34135710371667
2,2010-09-23T16:57:28Z,37.610307735316404,-121.80124316725579
2,2010-09-06T00:35:58Z,37.46808951949813,-121.89642868342116
2,2010-09-21T02:24:16Z,37.62513852217555,-121.90198986907585
2,2010-09-14T17:04:31Z,37.328249011428674,-122.1826744705404
2,2010-09-25T02:01:37Z,37.2437390339127,-122.41935174658643
2,2010-09-09T02:03:50Z,37.44910009366202,-122.31126348090055
2,2010-08-27T01:13:21Z,37.519912070144514,-122.17150349619413
2,2010-09-13T16:35:46Z,37.54116132813529,-122.12249380915452
2,2010-09-16T02:55:10Z,37.415785021766425,-121.93234428961382
2,2010-09-30T16:52:17Z,37.46635401929238,-122.31766810741603
2,2010-09-02T02:15:21Z,37.60326308332775,-122.09086317756699
2,2010-09-07T02:12:53Z,37.3836478232684,-121.9584749268541
2,2010-09-19T05:35:00Z,37.89539943933013,-121.94104274844612
2,2010-09-02T02:15:21Z,37.86693026949938,-122.35512628622956
2,2010-09-03T01:54:31Z,37.58847604329392,-122.31072537343915
2,2010-09-06T00:35:58Z,37.713738474244614,-122.18767710238545
2,2010-09-07T02:12:53Z,37.345639411876085,-122.29901212104926
2,2010-09-21T02:24:16Z,37.22488573585169,-121.8144636026193
2,2010-08-29T21:54:26Z,37.217821935897994,-122.17391815675691
2,2010-09-13T16:35:46Z,37.50625509111508,-122.1896903334024
2,2010-08-28T00:03:28Z,37.439446280914304,-122.12641739625286
2,2010-09-23T16:57:28Z,37.71596374797056,-122.34759642449528
2,2010-08-28T00:00:24Z,34.44413806439416,-118.22433955497226
2,2010-08-31T00:30:41Z,34.19013502720319,-118.70372588119808
4,2010-10-02T18:58:55Z,36.66876766957761,-121.09823711460221
4,2010-07-15T16:06:55Z,38.72827931820617,-121.87622112691908
4,2010-06-15T19:18:54Z,36.44699228818368,-124.49996281723867
4,2010-05-16T21:50:09Z,37.98338676049517,-121.15346828908507
4,2010-06-04T17:13:28Z,37.670738233046364,-123.4704772048202
4,2010-06-29T21:54:54Z,37.34554157941417,-123.95815773449318
4,2010-05-06T00:05:39Z,36.44225582265889,-126.13212341161571
4,2010-05-31T03:08:32Z,36.37278001296538,-120.6356569849276
4,2010-05-19T00:27:38Z,36.35781347908815,-124.33258392445521
4,2010-05-30T00:05:09Z,36.35944706585307,-124.56492127348804
4,2010-08-16T20:21:53Z,24.234374067286566,-154.70465229311432
4,2010-06-02T16:22:32Z,26.017638608373577,-150.12870941196
4,2010-06-11T19:28:37Z,29.991702617418657,-141.26459037508727
4,2010-06-09T22:40:11Z,32.52654890260585,-134.01444450532242
4,2010-05-22T19:59:18Z,36.23183790883089,-127.01354614949848
4,2010-05-20T19:24:48Z,37.64025577379485,-123.84870485745138
4,2010-05-04T03:12:36Z,38.13507956364244,-124.86305496776107
4,2010-06-22T01:43:14Z,38.093488993444694,-120.46124639727923
4,2010-05-13T00:23:40Z,38.758348469089704,-121.66112412212456
4,2010-05-30T00:05:09Z,22.600639125304422,-153.56336671123333
4,2010-05-21T19:35:02Z,37.28689584026013,-125.50004526633613
4,2010-07-15T16:06:55Z,23.346407334848447,-159.49228116401295
4,2010-06-09T02:27:52Z,25.09011804187161,-149.12170020193096
4,2010-05-31T15:27:14Z,38.748011049913174,-125.59673504338627
4,2010-05-04T03:05:09Z,37.10538668440502,-121.65604657813091
4,2010-05-18T17:59:19Z,37.20133369903339,-121.33922403915143
4,2010-06-23T22:07:05Z,36.66493597749705,-120.96115629842933
4,2010-06-20T00:30:18Z,39.21751042823022,-125.13578116753166
4,2010-06-19T15:37:36Z,37.82623416706099,-123.46467124097498
4,2010-05-19T03:45:41Z,33.97390831397153,-131.42247957426264
4,2010-05-22T14:38:50Z,30.60164469675111,-135.10159123917362
4,2010-05-27T19:27:32Z,27.500195535842277,-141.4556616122993
4,2010-05-23T20:18:55Z,25.067253677526836,-149.1085574506663
4,2010-05-07T19:21:51Z,23.177007608435755,-155.45477314347573
4,2010-07-11T20:05:17Z,37.73054728698706,-126.39046517405524
4,2010-06-03T14:54:16Z,38.37321340482822,-123.67588884006977
4,2010-05-24T03:32:28Z,22.81772523234033,-155.2403683522575
4,2010-05-25T15:43:00Z,26.300271703761176,-149.4200637838639
4,2010-06-07T19:42:11Z,28.401063802485222,-142.29548715976668
4,2010-05-04T03:08:13Z,30.992432366611702,-138.6326315176485
4,2010-05-24T21:07:06Z,34.06040215075945,-132.79572712793123
4,2010-05-08T16:10:21Z,38.98925623582235,-124.02092530304476
4,2010-05-19T16:43:59Z,36.99909934971542,-122.08030505493889
4,2010-07-02T17:47:02Z,37.58210156362576,-122.85463754530193
4,2010-06-02T15:17:22Z,37.46968035606458,-124.3390397649948
4,2010-07-15T16:06:55Z,36.969506316875055,-126.10098121944014
4,2010-06-30T16:15:31Z,33.692571028282934,-128.76017939229573
4,2010-07-16T20:02:22Z,32.26421966975906,-133.354804290927
4,2010-05-27T19:27:32Z,27.341922688994256,-139.96293148633342
4,2010-06-13T04:42:40Z,25.37114984796621,-149.39107419709495
4,2010-05-20T19:24:48Z,22.13875600567587,-153.8007266929165
4,2010-08-04T04:01:02Z,37.54754555886042,-124.8841707429071
4,2010-07-02T19:19:59Z,34.42547833681976,-131.4210249074613
4,2010-05-07T15:04:26Z,33.18409251434439,-139.76089317030065
4,2010-05-07T16:14:49Z,29.088327109059627,-142.77789024762802
4,2010-05-27T19:42:15Z,25.948173210013998,-148.39837134182716
4,2010-05-06T23:53:40Z,21.732491057615277,-154.03482588696906
4,2010-07-18T19:41:40Z,38.17006299877508,-124.32854870808812
4,2010-06-28T14:53:33Z,36.87603309873578,-125.69314033695181
4,2010-06-13T00:22:32Z,37.625066024049524,-120.78442565422169
4,2010-05-04T03:05:09Z,39.03692458662442,-123.28021164148714
4,2010-07-16T01:47:15Z,37.72077511303747,-125.45094465896943
4,2010-06-23T22:07:05Z,39.315281678373985,-121.37703674595858
4,2010-08-16T20:21:53Z,37.122130741122035,-121.36250385385802
4,2010-05-09T01:26:54Z,37.12485105772887,-121.1024405811001
4,2010-06-09T00:03:58Z,37.386310925970335,-122.70595899075153
4,2010-05-24T03:32:28Z,37.43034954319385,-126.03131260128431
4,2010-05-16T21:50:09Z,38.49316081516059,-125.71630065842446
4,2010-05-05T03:22:37Z,37.8542365559451,-121.9385597776582
4,2010-07-16T01:47:15Z,39.16524451159062,-126.4306123502678
4,2010-05-27T04:06:32Z,37.08010043726091,-122.62380096493924
4,2010-05-08T00:41:20Z,22.538985539290792,-154.481452733177
4,2010-05-25T15:43:00Z,26.57968008482317,-149.61998849630834
4,2010-05-18T21:01:01Z,36.67267250992434,-122.20583606280964
4,2010-06-23T22:07:05Z,37.94508168358248,-124.13886428921934
4,2010-07-01T20:12:48Z,39.19649812879014,-125.02817601439868
4,2010-06-30T01:21:14Z,36.44178655005167,-125.43086156298521
4,2010-06-22T01:43:14Z,36.921685613785336,-125.40025900929189
4,2010-08-07T22:39:51Z,36.35088036051607,-124.96401041747194
4,2010-06-26T18:46:39Z,34.38893193437446,-127.40830689143671
4,2010-06-26T21:24:44Z,31.922469066532052,-138.21988058265808
4,2010-05-10T20:58:26Z,27.471004352272093,-142.4011157061123
4,2010-05-31T19:55:02Z,27.07328954449342,-146.68014438421872
4,2010-05-11T20:27:51Z,23.02129887120565,-155.62530119550883
4,2010-05-27T04:06:32Z,38.03711607276622,-120.73804374789776
4,2010-05-22T03:51:29Z,37.25070235728131,-121.62751997909847
4,2010-05-27T04:06:32Z,37.61554546364775,-124.10686698192019
4,2010-08-04T04:01:02Z,37.04320867630959,-121.07788744618459
4,2010-05-21T14:55:52Z,38.96229742176107,-124.43934981726972
4,2010-05-31T03:08:32Z,39.149509276040654,-120.98608861894543
4,2010-04-30T04:52:16Z,38.93403610075504,-120.37539401167999
4,2010-06-10T22:48:35Z,35.69348100286743,-131.503791896942
4,2010-06-13T00:26:16Z,32.535358080558495,-137.46990908793862
4,2010-05-07T16:14:49Z,29.741732000221095,-143.3041471398439
4,2010-05-19T16:19:54Z,26.66497128632597,-151.6495015452488
4,2010-05-11T20:27:51Z,21.644724028760336,-154.05896630762055
4,2010-10-02T18:58:55Z,36.99185468485121,-125.76261719408387
4,2010-06-22T01:43:14Z,38.58428277438371,-123.96074876967045
4,2010-06-20T00:30:18Z,38.83914530051349,-126.60238342122234
4,2010-08-19T20:09:11Z,38.87677189560783,-125.35061386662053
4,2010-05-22T03:51:29Z,37.03807765693288,-125.4115493430162
4,2010-06-20T00:30:18Z,38.87697955545384,-124.79515637765292
4,2010-06-23T22:07:05Z,37.34810449923261,-122.75608645502737
4,2010-06-14T18:11:41Z,36.72337412687094,-123.56670336803975
4,2010-07-17T19:20:32Z,37.930964002773734,-126.73432055710724
4,2010-07-31T19:22:03Z,38.80274095648222,-124.35754996779856
4,2010-06-28T14:53:33Z,37.72054534336943,-123.27154982600982
4,2010-06-13T00:22:32Z,36.755035365032214,-123.49713515655418
4,2010-06-15T19:18:54Z,37.64869943890709,-125.9317102762841
4,2010-08-08T17:57:02Z,38.77897028565995,-121.23970275807694
4,2010-05-01T15:03:34Z,37.139603992644815,-122.15740720318462
4,2010-05-10T14:53:41Z,36.33533226134544,-122.04237604177398
4,2010-06-14T18:11:41Z,38.93155255672086,-120.3177731108573
4,2010-07-30T23:47:13Z,37.646501836574245,-124.66307640873404
4,2010-07-11T20:05:17Z,22.598056422043893,-155.2813524817929
4,2010-05-11T19:38:15Z,25.34007979871445,-151.42660823647637
4,2010-05-10T19:35:46Z,29.725866405972653,-140.29265741492833
4,2010-05-20T19:23:38Z,38.55229039536259,-123.88114814380825
4,2010-05-07T01:48:42Z,22.48180130760594,-158.97073123019214
4,2010-05-11T19:38:15Z,37.00364567958726,-124.64738103299052
4,2010-07-10T20:01:35Z,37.35586530290276,-126.65410468991949
4,2010-07-09T19:57:52Z,38.939849545237415,-120.74745118861262
4,2010-05-05T03:22:37Z,37.204557282123844,-120.99362403409394
4,2010-09-15T19:41:45Z,37.6716056196014,-123.98563644800863
4,2010-08-19T20:09:11Z,38.805334855236914,-125.40218111242368
4,2010-06-11T03:19:56Z,36.84635409573411,-125.57550694274943
4,2010-06-02T15:17:22Z,37.54261275761616,-122.02950136320806
4,2010-08-19T20:09:11Z,37.20269655111359,-124.39410089627069
4,2010-09-15T19:41:45Z,39.31469732109033,-123.03262234881339
4,2010-06-08T16:46:54Z,36.349769302370646,-122.47679720854252
4,2010-05-08T00:41:20Z,36.74214136752447,-120.78856001020385
4,2010-08-07T22:39:51Z,36.52349767921207,-122.91397886647474
4,2010-05-18T17:59:19Z,36.34436418955457,-121.5918078620976
4,2010-05-18T17:59:19Z,39.29894252203602,-125.03998325577777
4,2010-06-11T03:19:56Z,37.31909636977825,-120.66431118776738
4,2010-06-16T16:07:12Z,39.21165180439395,-123.08955094350826
4,2010-08-13T02:06:58Z,38.69595846164901,-123.54314840685835
4,2010-06-03T16:28:28Z,36.289429024345,-130.87334620387054
4,2010-05-11T19:39:48Z,32.236886151559865,-137.09922023735066
4,2010-05-22T17:25:55Z,30.171574011949232,-142.83489671368633
4,2010-05-08T04:22:09Z,26.412647500292604,-148.17048719960127
4,2010-05-20T19:24:48Z,23.167483419014346,-154.85711154233113
4,2010-08-29T01:40:49Z,37.250679317803176,-121.46646011147433
4,2010-05-04T03:05:09Z,38.899628316215114,-121.3911262501521
4,2010-05-18T17:59:19Z,37.72685195974209,-121.85403262724326
4,2010-08-24T01:47:16Z,36.973467552237096,-120.68302844398833
4,2010-06-10T22:39:26Z,38.66187148239626,-122.50341817289619
4,2010-06-17T18:03:07Z,38.458290769721515,-120.62308411367178
4,2010-07-15T16:06:55Z,37.44791304420751,-126.05231744590262
4,2010-08-24T01:49:35Z,35.79099591317399,-126.88832546612973
4,2010-06-07T19:42:11Z,31.216559184624263,-138.86738890371697
4,2010-06-13T03:25:46Z,29.39031735551574,-144.04941575573568
4,2010-05-22T19:59:18Z,25.83676313177208,-151.57235416341132
4,2010-05-04T03:12:36Z,24.16358691889611,-158.05431061452236
4,2010-06-10T22:39:26Z,38.48275909185105,-122.8184439487913
4,2010-10-11T20:30:23Z,39.27926963615054,-123.9028001416891
4,2010-04-30T04:52:16Z,38.80684303254603,-123.39965866875735
4,2010-06-20T00:30:18Z,36.483097901109204,-123.43098080615444
4,2010-07-15T16:06:55Z,39.30811815851597,-126.31787073587181
4,2010-06-23T22:07:05Z,38.778391588060096,-126.18922569884742
4,2010-05-31T03:08:32Z,36.59054800441005,-123.44583136163345
4,2010-07-11T20:05:17Z,36.69438551341851,-125.2965143264325
4,2010-08-01T01:47:51Z,22.875353943421928,-155.14994127919678
4,2010-05-28T18:26:01Z,24.421840671053683,-148.38404312216838
4,2010-05-22T14:38:50Z,38.72282507636218,-122.99726754920788
4,2010-05-20T18:42:37Z,37.063775491137214,-122.08236037062706
4,2010-06-10T22:39:26Z,38.16772212675392,-120.66399279364549
4,2010-07-09T19:57:52Z,38.95075119186069,-120.54093385226561
4,2010-07-10T20:01:35Z,37.385351367729186,-123.13589524958617
4,2010-05-30T00:05:09Z,39.223066988803424,-125.65958594562542
4,2010-05-16T21:50:09Z,37.83659841407227,-124.5778220105344
4,2010-08-16T20:21:53Z,37.55586561213072,-124.231217752409
4,2010-08-05T19:42:40Z,37.55750947595966,-124.24102524615704
4,2010-05-27T04:06:32Z,38.89429779131755,-122.96119590166207
4,2010-05-17T20:21:36Z,36.896534407538276,-122.36434329510011
4,2010-06-04T17:13:28Z,38.97465846995199,-121.49418035166893
4,2010-05-31T03:08:32Z,36.932536156367085,-125.70291279897451
4,2010-07-18T19:41:40Z,38.177984403273726,-121.11291905631185
4,2010-05-30T00:05:09Z,36.98465838426862,-123.62132657501287
4,2010-05-31T03:08:32Z,23.636375082516608,-158.48576169115194
4,2010-05-11T19:38:15Z,26.95001183529859,-151.35622625237121
4,2010-05-20T18:53:45Z,28.581906628349,-140.59642528726883
4,2010-05-24T19:19:05Z,30.714614109619234,-134.86810525370242
4,2010-05-24T21:07:06Z,37.58210050445912,-123.8187497302697
4,2010-05-09T01:26:54Z,38.99096912291053,-126.38710508474931
4,2010-06-08T16:46:54Z,37.734005197737275,-123.36244470060474
4,2010-07-30T23:47:13Z,37.90838468502924,-120.56725883974005
4,2010-08-07T22:39:51Z,36.44685323488725,-124.67601553335464
4,2010-07-31T19:22:03Z,37.520919797818706,-124.9359353177628
4,2010-05-18T17:59:19Z,38.23325151830468,-123.84263686561741
4,2010-08-15T01:03:46Z,38.85838829839922,-124.11104101537649
4,2010-05-09T01:26:54Z,38.081650923888844,-126.11467155000823
4,2010-09-15T19:41:45Z,37.56655297042683,-120.43785876115679
4,2010-05-07T01:48:42Z,39.18072640721471,-122.42741930323763
4,2010-08-07T22:39:51Z,21.664931694380204,-156.41645765904823
4,2010-06-24T21:58:57Z,27.07807538409343,-150.56912958189426
4,2010-05-22T14:38:50Z,29.205820416644627,-141.73127854758778
4,2010-05-07T16:14:49Z,38.5378481398493,-123.36917317167237
4,2010-07-01T20:12:48Z,36.88659075403036,-125.00529388799214
4,2010-06-07T16:18:36Z,36.33010504663044,-120.84949248103526
4,2010-07-17T19:20:32Z,37.27484103369276,-123.9992861490856
4,2010-08-19T20:09:11Z,37.64400025053669,-125.58445851794713
4,2010-05-25T03:10:28Z,37.74110790911841,-125.39370302100767
4,2010-08-16T20:21:53Z,36.64835534848176,-120.5431108382419
4,2010-06-02T15:17:22Z,38.03953121035888,-121.92093283440217
4,2010-08-07T22:39:51Z,39.12720122895597,-126.24867920929445
4,2010-07-04T16:43:56Z,36.84323525221426,-121.5657029480214
4,2010-05-21T14:55:52Z,37.66995175583283,-125.50228225793789
4,2010-06-16T16:07:12Z,37.68864355031105,-125.96244005405245
4,2010-06-28T14:53:33Z,37.43875086430037,-122.57282763439972
5,2010-08-30T04:26:23Z,30.846472063968875,-99.17158794569019
5,2010-03-03T14:52:51Z,30.970619382219443,-97.58016083128922
5,2010-02-22T17:41:45Z,39.80634854185899,-113.44775776642334
5,2010-03-02T00:06:39Z,38.955596043133184,-103.62427590786629
5,2010-02-20T19:06:30Z,37.10592472319479,-96.29665241316269
5,2010-09-06T18:29:13Z,33.88062197938606,-97.17870213336842
5,2010-02-20T23:37:50Z,32.81010849235457,-98.00228420279213
5,2010-02-20T01:15:58Z,31.488399950451285,-99.56263408986968
5,2010-03-06T02:48:11Z,31.90529979950459,-102.22114189368152
5,2010-03-06T02:48:11Z,30.332880904675537,-101.00749968068361
5,2010-03-04T06:36:02Z,35.09116842409496,-115.01853007552437
5,2010-03-03T18:24:38Z,32.571030135326076,-103.59683158699089
5,2010-08-11T19:52:15Z,30.538144330761217,-100.83457859430754
5,2010-03-06T20:15:50Z,31.403209851115246,-96.80019351549187
5,2010-02-20T19:06:30Z,31.61883616860154,-102.77820987915126
5,2010-08-11T19:52:15Z,30.654536367668467,-100.83410983865124
5,2010-03-14T20:08:41Z,30.560180208773165,-98.45084354578192
5,2010-03-07T08:53:05Z,30.39851174664307,-102.96349486980453
5,2010-08-15T22:20:21Z,31.25901367957671,-98.39982812957352
5,2010-02-24T03:11:44Z,31.53259804423828,-100.55574986707929
5,2010-03-14T20:08:41Z,30.45080556657225,-103.22559023736886
5,2010-09-06T00:10:43Z,30.71746457077963,-102.57708387813983
5,2010-02-22T17:41:45Z,30.670937945455265,-100.2724856987475
5,2010-02-20T01:15:58Z,30.77599947614162,-98.77059574676747
5,2010-02-24T03:11:44Z,39.25715011153187,-76.80413361489636
5,2010-03-10T07:41:11Z,39.23040600937027,-78.54772256260203
5,2010-02-24T03:11:44Z,31.90653149761456,-103.01882064065224
5,2010-03-06T02:48:11Z,31.825030395373748,-103.05038378202765
5,2010-08-07T15:54:36Z,30.386279361686046,-99.99444892201622
5,2010-08-07T15:54:36Z,31.017679892638377,-98.42286426640018
5,2010-02-21T03:49:19Z,30.549062635271557,-96.92924712199591
5,2010-03-03T14:52:51Z,30.577949653097978,-98.22191779764488
5,2010-03-03T14:52:51Z,39.7651169173255,-77.90051092118071
5,2010-02-23T19:43:08Z,37.84754107747506,-83.81122389950778
5,2010-08-11T19:52:15Z,36.98626903634414,-90.88626183599202
5,2010-02-20T20:05:53Z,34.557328540210726,-99.24529647572282
5,2010-03-02T17:48:44Z,32.07268762254385,-98.85523061153151
5,2010-02-19T03:03:11Z,30.54774453421487,-102.42881278278722
5,2010-08-30T04:26:23Z,30.62935001877538,-101.70700182281116
5,2010-09-06T00:10:43Z,31.961203222150484,-97.33113384992218
5,2010-03-04T06:36:02Z,30.877598264651382,-97.9434675753591
5,2010-02-23T02:39:04Z,30.32377493187769,-102.50794743196015
5,2010-08-07T15:54:36Z,31.781417590414517,-100.60947911030878
5,2010-02-26T01:27:57Z,31.138393899517705,-99.8230316797759
5,2010-03-08T01:25:19Z,31.780055782264114,-99.77318544013723
5,2010-02-24T03:11:44Z,31.08190101564659,-96.20837532998696
5,2010-02-24T03:11:44Z,30.524759968007842,-102.35895375035832
5,2010-09-06T00:10:43Z,30.402444507346043,-98.53457056486778
5,2010-02-25T18:13:37Z,30.959450160192603,-96.53829316487474
5,2010-03-07T22:40:19Z,39.65029003525163,-75.54905969668278
5,2010-02-25T18:13:37Z,39.63093551406649,-80.8099249354954
5,2010-02-26T17:18:30Z,38.04661063149795,-82.70382290776186
5,2010-03-02T04:44:25Z,36.04119442105024,-89.6064161363009
5,2010-02-20T20:05:53Z,33.5838295559081,-98.70263719662633
5,2010-03-02T00:06:24Z,40.28119116426945,-74.84164069068785
5,2010-09-06T04:01:59Z,30.98732518646228,-99.92511392967396
5,2010-08-15T22:20:21Z,30.383759368498527,-100.73848766119072
5,2010-02-20T05:31:52Z,33.043051294728414,-96.7343441260079
5,2010-08-14T01:15:55Z,30.72753960374112,-97.32830824916078
5,2010-03-02T00:06:24Z,31.89035725783139,-100.53550449064187
5,2010-03-01T01:31:46Z,30.643341091540588,-101.27598335214769
5,2010-02-17T18:07:39Z,30.59971324485075,-96.07673948784618
5,2010-03-10T07:41:11Z,39.09174976808243,-114.63028897904597
5,2010-08-11T05:01:40Z,37.53657952121239,-105.79342068209996
5,2010-03-02T04:44:25Z,35.50476988797271,-99.37583672929841
5,2010-03-02T15:20:39Z,35.33673919563138,-101.93199691674383
5,2010-02-20T23:37:50Z,32.02182570236319,-98.13542390814527
5,2010-08-14T01:15:55Z,31.121336703850883,-96.1036153894916
5,2010-08-11T00:43:32Z,31.071719366866123,-96.64634358865202
5,2010-03-07T22:40:19Z,33.07610533864494,-91.65386555728462
5,2010-08-11T19:52:15Z,34.077215979569964,-81.40482315192241
5,2010-03-02T15:20:39Z,39.069401440939984,-76.26897619471596
7,2010-10-14T15:10:44Z,30.26656959735359,-97.75306019972071
7,2010-10-03T04:54:21Z,30.293486556337953,-97.73900590438684
7,2010-10-13T03:02:34Z,30.277621731161865,-97.74192167586519
7,2010-10-18T20:24:42Z,30.305407657270155,-97.7447700705454
7,2010-10-06T19:35:06Z,30.270776866724365,-97.72666189706898
7,2010-10-06T19:35:06Z,30.29551410330224,-97.72937143700845
7,2010-10-18T20:24:42Z,30.295766209394277,-97.72772720094201
7,2010-10-03T04:54:21Z,30.297131425277104,-97.73567831480442
7,2010-10-13T00:10:34Z,30.266823969524346,-97.76072863355591
7,2010-10-02T01:05:08Z,30.258645800679922,-97.75518746376457
7,2010-10-16T03:35:22Z,30.313671573109982,-97.75903779024014
7,2010-10-07T00:24:13Z,30.292863215134407,-97.75590102820865
7,2010-10-11T00:10:05Z,30.301815645064746,-97.73500305521662
7,2010-10-02T01:03:23Z,30.320055646935685,-97.7259441350104
7,2010-10-18T15:08:58Z,30.309829125450143,-97.74463996536689
7,2010-10-12T00:36:19Z,30.296031765422,-97.73164961712439
7,2010-10-17T01:55:44Z,30.302629893972814,-97.72784316655402
7,2010-10-05T00:05:04Z,30.31122471644643,-97.73090716105469
7,2010-10-16T03:35:22Z,30.2736300655774,-97.73125818390035
7,2010-10-20T18:52:30Z,30.307584191073996,-97.74932270154689
7,2010-10-13T00:10:34Z,30.31501125102185,-97.75724683512392
7,2010-10-19T00:17:39Z,30.27765349584467,-97.75989242202625
7,2010-10-19T00:17:39Z,30.31488697113094,-97.74556604387404
7,2010-10-15T02:41:55Z,30.305178482701177,-97.75259518463729
7,2010-10-07T00:24:13Z,30.28392532084044,-97.75748870470784
7,2010-10-10T03:12:52Z,30.266985908557515,-97.76419015817744
7,2010-10-13T00:10:34Z,30.300083147539777,-97.75164455611845
7,2010-10-12T00:36:19Z,30.288541783306925,-97.75697668128127
7,2010-10-20T15:37:34Z,30.300832619235027,-97.71294716103814
7,2010-10-14T20:05:55Z,30.332900973863683,-97.69388163054896
7,2010-10-14T22:41:59Z,30.411339687223467,-97.70485642517961
7,2010-10-19T18:41:01Z,30.45159447732077,-97.69431119578573
7,2010-10-09T21:19:42Z,30.51570913817347,-97.70433942830635
7,2010-10-20T15:37:34Z,30.286061134903306,-97.74476852411442
7,2010-10-18T20:24:42Z,30.26122974191979,-97.74611056421497
7,2010-10-15T04:57:48Z,30.263605095899198,-97.74637763120886
7,2010-10-08T02:49:32Z,30.307471558466197,-97.76390362735353
7,2010-10-19T01:46:04Z,30.287856898251974,-97.75349296650423
7,2010-10-19T01:46:04Z,30.280803312376655,-97.74887344676243
7,2010-10-13T00:10:34Z,30.263016123058435,-97.75913302551349
7,2010-10-16T03:35:22Z,30.30961576019175,-97.761825220767
7,2010-10-07T00:24:13Z,30.297771697597497,-97.74925308287656
7,2010-10-20T15:37:34Z,30.286345055808884,-97.75334820257642
7,2010-10-16T03:35:22Z,30.31183234863059,-97.76323395713852
7,2010-10-12T00:36:19Z,30.28264264156482,-97.72573461280808
7,2010-10-05T01:03:56Z,30.309095645066595,-97.7573961150173
7,2010-10-08T02:13:14Z,30.279227896812287,-97.74821488953168
7,2010-10-05T00:05:04Z,30.302486208404375,-97.75543207513404
7,2010-10-08T02:13:14Z,30.2685747670095,-97.7550117828806
7,2010-10-07T15:23:19Z,30.30318871758182,-97.74400416106113
7,2010-10-10T20:45:45Z,30.287160854333585,-97.73545339234052
7,2010-10-11T01:38:05Z,30.298681536791946,-97.7441498290061
7,2010-10-07T15:23:19Z,30.29081133294865,-97.73147693845304
7,2010-10-06T19:35:06Z,30.261574532169707,-97.73226218100908
7,2010-10-09T04:46:20Z,30.31383881485099,-97.73324488576007
7,2010-10-02T01:05:08Z,30.279696897973835,-97.72848288577283
7,2010-10-20T15:37:34Z,30.252946618216,-97.75954387327948
7,2010-10-15T04:57:48Z,30.290536901456502,-97.76361809632976
7,2010-10-13T00:10:34Z,30.279402497598067,-97.75273890652221
7,2010-10-05T00:05:04Z,30.290379080055747,-97.74897759039249
7,2010-10-10T03:12:52Z,30.268852765748026,-97.76133355822174
7,2010-10-19T00:17:39Z,30.291917923268397,-97.72279669495421
7,2010-10-14T20:05:55Z,30.249959472027673,-97.74511629995973
7,2010-10-19T15:14:33Z,30.22683008374293,-97.7561015321427
7,2010-10-08T05:00:11Z,30.211170620295004,-97.76081384123594
7,2010-10-03T01:10:48Z,30.262691164431615,-97.75698466330248
7,2010-10-04T14:50:14Z,30.271789741762124,-97.74575093494639
7,2010-10-10T03:12:52Z,30.27199491081403,-97.76001675577164
7,2010-10-12T00:36:19Z,30.289603394961684,-97.75770602145268
8,2010-10-20T06:22:17Z,37.766969112229475,-117.51729517785613
8,2010-10-05T06:39:15Z,37.91152742325737,-114.71700376008098
8,2010-10-09T02:07:14Z,37.766739670797165,-121.94683881619777
8,2010-10-12T04:37:03Z,37.503614241136816,-118.47789795480958
8,2010-10-07T03:20:57Z,37.88122575347031,-117.08720182316965
8,2010-10-09T02:07:14Z,37.79320753835335,-120.33692293602226
8,2010-10-18T20:38:01Z,37.653893022670665,-120.10124504478333
8,2010-10-13T02:42:10Z,37.63752630192765,-121.6813394746694
8,2010-10-14T03:09:23Z,37.671476216899684,-118.72032130092154
8,2010-10-20T06:22:17Z,37.48693918483868,-118.86283779424915
8,2010-10-06T20:23:14Z,37.53525986067865,-122.2601062755546
8,2010-10-05T06:39:15Z,37.90077288899495,-115.59354510213417
8,2010-10-13T02:42:10Z,37.69384731908621,-120.65429836586607
8,2010-10-12T18:53:25Z,38.34591064581375,-120.46521316955422
8,2010-10-17T18:43:28Z,38.576060977800246,-115.74627686044394
8,2010-10-18T20:38:01Z,37.37445176028677,-117.507934688034
8,2010-10-09T20:42:28Z,40.732616843322404,-80.75727244507483
8,2010-10-07T03:20:57Z,37.557472136102426,-115.4674529780868
8,2010-10-13T02:42:10Z,37.76392592303523,-120.4958281510588
8,2010-10-13T02:42:10Z,37.84801448870367,-122.20314835169198
8,2010-10-18T20:38:01Z,37.601320162955595,-122.44686779706366
8,2010-10-06T20:23:14Z,37.87859789709019,-121.51077634983072
8,2010-10-07T03:20:57Z,37.8421295988292,-118.44248334675189
8,2010-10-11T05:56:00Z,40.63943140993369,-79.12495617841802
8,2010-10-05T06:39:15Z,40.39152250095985,-81.10350496466761
9,2010-09-24T23:42:54Z,38.9217029545145,-94.8356975705313
9,2010-09-08T20:21:47Z,38.91157152852729,-94.71580825083214
9,2010-06-19T00:46:05Z,38.93460537354839,-94.81291704007687
9,2010-10-01T21:46:31Z,38.85515172327273,-94.83766843305125
9,2010-07-18T02:34:42Z,38.863096791988056,-94.81605220838375
9,2010-09-05T00:04:34Z,38.934195953464545,-94.73041256085544
9,2010-10-01T21:46:31Z,38.95422405403946,-94.64438465620188
9,2010-08-25T20:21:57Z,39.00163028910155,-94.54621213175824
9,2010-06-26T23:00:52Z,39.02739618034118,-94.59614710697707
9,2010-06-23T17:33:12Z,39.00002913213967,-94.56897789193462
9,2010-06-24T23:13:20Z,38.99951963988291,-94.58486447350369
9,2010-06-20T17:22:36Z,39.032202048576615,-94.59493558317179
9,2010-10-09T22:35:51Z,39.03186496947069,-94.58768814981377
9,2010-06-18T14:17:00Z,38.91268205655512,-94.6949612970922
9,2010-07-17T19:19:05Z,38.90325655416911,-94.77596448950841
9,2010-08-27T21:58:54Z,38.92906506793463,-94.73547586352014
9,2010-07-15T21:14:43Z,38.9002222113831,-94.72469924117327
9,2010-08-28T00:23:02Z,38.89567673149718,-94.834237048921
9,2010-09-14T20:56:05Z,38.85545399778602,-94.83756470690992
9,2010-08-03T19:23:47Z,38.899282498749955,-94.7500629389203
9,2010-07-18T02:34:42Z,38.86431322708731,-94.75118960595681
9,2010-07-06T21:18:42Z,38.93339302680796,-94.71542122464494
9,2010-06-25T03:18:36Z,38.922614239329356,-94.695435639574
9,2010-07-31T16:58:10Z,38.9247455114507,-94.75779523785575
9,2010-06-26T00:53:01Z,38.897027490158955,-94.61583956249048
9,2010-10-01T21:46:31Z,38.9174906655377,-94.69549118980787
9,2010-06-22T23:59:24Z,38.93693030202122,-94.7210086453096
9,2010-09-17T17:55:12Z,38.9328870149231,-94.70319157027363
9,2010-06-14T20:36:56Z,38.919206441976634,-94.69863733855532
9,2010-06-19T01:07:52Z,38.89934996361225,-94.76318895927655
9,2010-07-27T19:38:02Z,38.93424769032088,-94.75704977778445
9,2010-07-17T19:19:05Z,38.911022430302154,-94.69934022884999
9,2010-07-01T22:41:38Z,38.9303349620195,-94.70441774873007
9,2010-07-20T14:50:29Z,38.92130278732687,-94.7074458964907
9,2010-06-22T23:59:24Z,38.92862972797418,-94.84003560202038
9,2010-08-29T01:08:08Z,38.9399132736729,-94.778160641291
9,2010-06-29T17:40:19Z,38.92901972299996,-94.83559971446681
9,2010-08-01T01:05:39Z,38.85485584254121,-94.60744084406979
9,2010-06-22T23:59:24Z,38.94177193423457,-94.83801227122323
9,2010-07-12T17:49:18Z,38.8808079889276,-94.68673253171555
9,2010-06-06T02:19:07Z,38.88509685221299,-94.76670972443222
9,2010-07-20T14:50:29Z,38.89404330738877,-94.84353998907459
9,2010-06-20T02:52:01Z,38.92557544993932,-94.71978890480608
9,2010-07-11T23:47:39Z,38.90625154402481,-94.7108585304093
9,2010-06-06T22:38:44Z,38.891015169548325,-94.8476464527544
9,2010-10-20T17:47:07Z,38.91402564136865,-94.69203965896389
9,2010-08-01T01:30:20Z,38.89950424036221,-94.65920762858306
9,2010-09-26T02:42:01Z,38.899891468097586,-94.60491195789734
9,2010-06-19T01:07:52Z,38.92632591007292,-94.61752256862475
9,2010-07-26T22:04:21Z,38.91660612075,-94.63182787745663
9,2010-07-17T19:19:05Z,38.929133427504404,-94.62387556493803
9,2010-07-01T22:41:38Z,38.94181162249806,-94.63076056514988
9,2010-06-14T20:36:56Z,38.89851138615577,-94.63879708005094
9,2010-10-20T17:47:07Z,38.93728019446267,-94.74404075303569
9,2010-08-15T01:15:21Z,38.94332446644186,-94.66097574277299
9,2010-10-09T20:09:10Z,38.931583881866906,-94.67096913246729
9,2010-07-18T02:34:42Z,38.904227007581085,-94.63379468981152
9,2010-07-20T21:24:38Z,38.914029462268495,-94.6792715789155
9,2010-08-07T23:52:58Z,38.935697806414446,-94.69907431534317
9,2010-07-20T21:24:38Z,38.91455520684623,-94.79822185437251
9,2010-07-18T01:21:54Z,38.88861026929933,-94.77997039530759
9,2010-07-18T02:34:42Z,38.906821834249186,-94.69186827318573
9,2010-08-29T01:08:08Z,38.876319977075205,-94.76929113415693
9,2010-09-26T02:42:01Z,38.90813592156278,-94.79067380856274
9,2010-06-28T02:14:52Z,38.93292676993883,-94.81008749319862
9,2010-09-17T17:55:12Z,38.915276451764356,-94.7317247366567
9,2010-08-25T00:45:32Z,38.907241281459996,-94.84114602321138
9,2010-07-30T23:49:12Z,38.90021357122006,-94.73228472484743
9,2010-08-12T22:31:04Z,38.930172401349,-94.62873219357128
9,2010-08-25T17:43:23Z,38.88258037477783,-94.72198667097331
9,2010-08-25T20:21:57Z,38.85611609520134,-94.7717479275901
9,2010-10-12T23:27:29Z,38.89965085203617,-94.80179448738845
9,2010-09-17T17:55:12Z,38.93005134944663,-94.73196363373422
9,2010-07-20T14:50:29Z,38.918135046868194,-94.73860477080032
9,2010-06-18T23:09:28Z,38.934336483532945,-94.8016882486618
9,2010-06-28T02:14:52Z,38.90082895584,-94.634419550926
9,2010-09-11T01:53:59Z,38.94266704578399,-94.69033678702168
9,2010-10-09T22:35:51Z,38.897820233974834,-94.80546039146131
9,2010-09-05T00:04:34Z,38.90449503413825,-94.63536364492052
9,2010-08-15T01:15:21Z,38.909020544118626,-94.68963332140142
9,2010-09-11T15:05:36Z,38.912463190607646,-94.81441173118957
9,2010-08-23T01:10:19Z,38.92854053450091,-94.82620684962367
9,2010-07-05T01:31:17Z,38.91416885818897,-94.7132790272102
9,2010-06-24T23:13:20Z,38.91991320112725,-94.64975477884865
9,2010-06-23T17:33:12Z,38.903007413611654,-94.6535379403811
9,2010-08-28T17:54:39Z,38.9391964204784,-94.67553375890158
9,2010-08-27T23:51:51Z,38.928104050935765,-94.61697667619987
9,2010-09-08T02:54:58Z,38.90445143730891,-94.74141649627158
9,2010-06-24T14:30:05Z,38.94063119564644,-94.79598958049544
9,2010-06-17T17:37:28Z,38.916140628589794,-94.69533351407817
9,2010-08-20T00:00:34Z,38.929696646454886,-94.69052637162997
9,2010-10-09T12:23:24Z,39.0898167940491,-94.83987290586334
9,2010-09-13T18:13:57Z,39.05751996497639,-94.72420802390775
9,2010-08-29T20:05:13Z,39.014542997435036,-94.74123219410396
9,2010-07-19T20:50:26Z,38.979688951647915,-94.76385494760143
9,2010-06-20T18:52:14Z,38.905618220848744,-94.69280409143245
9,2010-08-28T21:05:00Z,38.92555778082355,-94.76589909616972
9,2010-06-20T18:52:14Z,38.90252265268642,-94.74578033548981
9,2010-07-30T00:24:26Z,38.87918311301563,-94.84938506707314
9,2010-09-03T23:05:18Z,38.93004914323662,-94.79421101480433
9,2010-07-30T00:24:26Z,38.88841097076314,-94.82780313003512
9,2010-07-27T19:38:02Z,38.90620851956406,-94.84394935880225
9,2010-07-15T21:14:43Z,38.903336321376806,-94.70677199394177
9,2010-07-18T02:34:42Z,38.88535896660003,-94.8380820264383
9,2010-06-25T03:18:36Z,38.89804674680174,-94.62004742713808
9,2010-06-23T00:23:02Z,38.941819869693624,-94.709799066289
9,2010-07-05T01:31:17Z,38.90916539553737,-94.75200374896727
9,2010-06-28T02:14:52Z,38.933105532589764,-94.69355838727245
9,2010-09-13T00:44:46Z,38.915035467996496,-94.75627953361621
9,2010-06-24T02:08:31Z,38.9613648512999,-94.64182461270404
9,2010-09-26T02:42:01Z,38.925079645909314,-94.68587258533411
9,2010-06-20T17:22:36Z,38.89276625578967,-94.76602936404547
9,2010-06-26T23:00:52Z,38.875310199130375,-94.75349058721908
9,2010-08-29T20:05:13Z,38.86764051227323,-94.70486729349152
9,2010-07-05T06:49:46Z,38.87833376561662,-94.75356278417179
9,2010-08-25T20:21:57Z,38.88285899159688,-94.72984992461252
9,2010-09-11T15:05:36Z,38.86749801719556,-94.7276084723849
9,2010-07-04T02:03:21Z,38.866340284252566,-94.73812650087804
9,2010-06-22T23:59:24Z,38.89248453054651,-94.81462742075183
9,2010-06-14T20:36:56Z,38.86261538717401,-94.79103706795858
9,2010-09-13T18:13:57Z,38.86457917288357,-94.80561141843367
9,2010-08-14T20:59:15Z,38.88615165611693,-94.77906849574316
9,2010-09-08T20:21:47Z,38.86515618802498,-94.84521967898526
9,2010-10-01T21:46:31Z,38.88046753348743,-94.8492882822498
9,2010-09-18T20:39:38Z,38.86190921173185,-94.79673966970076
9,2010-06-19T01:07:52Z,38.88884496766679,-94.77559118516909
9,2010-07-04T02:03:21Z,38.914779683674126,-94.74738541683604
9,2010-07-27T19:38:02Z,38.90175728971207,-94.80391164014596
9,2010-08-12T22:31:04Z,38.93010663164861,-94.63169149472841
9,2010-06-06T22:38:44Z,38.9360351617286,-94.69118593954686
9,2010-07-05T06:49:46Z,38.906707360169264,-94.77996982084329
9,2010-09-26T00:24:33Z,38.92460388332836,-94.70646911037052
9,2010-06-19T01:07:52Z,38.93108162188339,-94.79837536902862
9,2010-08-12T22:31:04Z,38.886595338198276,-94.7893661183499
9,2010-09-12T18:41:31Z,38.94131595355706,-94.73087665396719
9,2010-07-17T20:41:45Z,38.91307570474333,-94.68216114619518
9,2010-09-13T00:44:46Z,38.91028255004208,-94.69150811704982
9,2010-07-20T21:24:38Z,38.920209782660926,-94.77420114070492
9,2010-09-14T20:56:05Z,38.94030548525974,-94.74715605589665
9,2010-07-13T20:37:28Z,38.91226185829569,-94.69175425761854
9,2010-09-08T02:54:58Z,38.928562434285915,-94.78972953305808
9,2010-09-19T18:39:44Z,38.93602972492525,-94.80676336091827
9,2010-06-19T00:46:05Z,38.883973179644016,-94.78219044342484
9,2010-07-31T17:55:00Z,38.90109544912909,-94.78226332263368
9,2010-07-17T01:14:51Z,38.941321544796466,-94.71314206268019
9,2010-07-27T19:38:02Z,38.864834763281834,-94.80300623731766
9,2010-07-26T22:04:21Z,38.85991239475083,-94.84733285373326
9,2010-08-26T23:31:24Z,38.939256670664186,-94.70911856890919
9,2010-06-28T19:18:47Z,38.88757739290904,-94.83073791161816
9,2010-09-11T00:28:59Z,38.85443683949535,-94.69782592116962
9,2010-08-14T00:20:08Z,38.85573135595501,-94.69763071132233
9,2010-07-31T16:58:10Z,38.90478970369558,-94.78658176453622
9,2010-06-28T19:18:47Z,38.9445777275112,-94.70098203104081
9,2010-09-11T01:53:59Z,38.94880091808216,-94.69557638931063
9,2010-08-15T01:15:21Z,38.94893641335076,-94.76400093808843
9,2010-07-30T23:49:12Z,38.965829705313,-94.7015610720128
9,2010-09-03T23:05:18Z,38.96323949587193,-94.71231187288615
9,2010-07-30T23:49:12Z,38.94941613636171,-94.76247777577744
9,2010-06-20T02:52:01Z,38.969141435019885,-94.7294159032533
9,2010-06-14T20:36:56Z,38.982005915788925,-94.69101538301697
9,2010-06-26T00:53:01Z,38.86982504839862,-94.81574062167405
9,2010-10-09T20:09:10Z,38.90988024186578,-94.82924889800432
9,2010-07-20T14:50:29Z,38.87816417544389,-94.84854616764451
9,2010-08-01T01:30:20Z,38.92786894644275,-94.71162048306293
9,2010-07-18T01:21:54Z,38.905666720567524,-94.71676483070455
9,2010-06-14T20:36:56Z,38.91884207492104,-94.83765343888135
9,2010-06-28T02:14:52Z,38.915693907544586,-94.74014223527453
9,2010-08-15T01:15:21Z,38.87517902765779,-94.76116307248773
9,2010-07-13T20:37:28Z,38.90322418075072,-94.66454816114825
9,2010-08-01T01:30:20Z,38.94157344029152,-94.73218743909739
9,2010-07-19T20:36:40Z,38.90664940980633,-94.79113388928519
9,2010-07-17T01:14:51Z,38.915247443017485,-94.64564303441274
9,2010-09-08T20:21:47Z,38.87498216204269,-94.70977214168624
9,2010-09-18T20:43:49Z,38.8695316475817,-94.84925833866018
9,2010-07-24T00:00:17Z,38.92001495701364,-94.63875921096383
9,2010-06-26T01:54:14Z,38.909399353504156,-94.73078228069876
9,2010-07-14T14:45:04Z,38.91051442852789,-94.76344862676342
9,2010-06-06T22:38:44Z,38.886942954433394,-94.7663797758495
9,2010-09-17T00:33:37Z,38.91223174356148,-94.75346436108985
9,2010-08-14T20:59:15Z,38.90732790519094,-94.78041578292495
9,2010-09-26T00:24:33Z,38.877311340667184,-94.73895835606413
9,2010-06-14T00:39:31Z,38.879777210319176,-94.72392415631376
9,2010-09-24T23:42:54Z,38.87295792938174,-94.75296314516102
9,2010-07-18T02:34:42Z,38.858566522303036,-94.78984769687749
9,2010-07-31T17:55:00Z,38.87434531934968,-94.79084717321683
9,2010-10-09T20:09:10Z,38.87320616821299,-94.82988104435141
9,2010-07-26T20:45:15Z,38.90739117808617,-94.72435273403663
9,2010-06-18T23:09:28Z,38.85613272479659,-94.76996886636219
9,2010-08-25T17:43:23Z,38.89558858653253,-94.83538643411812
9,2010-07-17T01:14:51Z,38.87633488454551,-94.7204264182796
9,2010-07-12T17:49:18Z,38.891537654422066,-94.76511540309914
9,2010-10-09T12:23:24Z,38.938433246578725,-94.73476257651882
9,2010-09-18T20:39:38Z,39.04601256233605,-94.40171447250374
9,2010-08-26T23:31:24Z,38.919065922706906,-94.7310570421298
9,2010-06-23T00:23:02Z,38.934008086370724,-94.83046532262205
9,2010-08-26T23:31:24Z,38.9209514666516,-94.79484244756375
9,2010-06-20T02:52:01Z,38.98677222359329,-94.7227971655644
9,2010-08-15T01:54:41Z,38.994854640643204,-94.60544347431541
9,2010-06-20T18:29:40Z,39.013170543811896,-94.59817855527132
9,2010-07-17T21:56:05Z,39.00013869215114,-94.55444922737136
9,2010-07-19T20:50:26Z,39.03046147575047,-94.56654663258273
9,2010-07-17T21:56:05Z,39.004973404186586,-94.52876708689578
9,2010-07-16T21:23:21Z,38.91809264222649,-94.76682110655268
9,2010-07-05T01:31:17Z,38.91056281125362,-94.84704458123178
9,2010-09-14T20:56:05Z,38.904106506689715,-94.70329159544153
9,2010-06-20T02:52:01Z,38.93055949582116,-94.8207984469239
9,2010-08-12T22:31:04Z,38.91898306282102,-94.74429763885585
9,2010-08-25T17:43:23Z,38.87467638827222,-94.75380979177407
9,2010-06-24T02:08:31Z,38.937587471559034,-94.72876428992244
9,2010-08-29T01:08:08Z,38.91698442064445,-94.68923857393813
9,2010-07-12T17:49:18Z,38.89902081761892,-94.68927716498781
9,2010-10-09T20:09:10Z,38.911664667929,-94.81885311522895
9,2010-10-16T00:18:21Z,38.930269739205556,-94.71399912651364
9,2010-07-01T22:41:38Z,38.910817963981664,-94.84108581166772
9,2010-08-17T15:18:11Z,38.8815198173317,-94.73194547560796
9,2010-10-09T20:09:10Z,38.92143994313285,-94.71824500640477
9,2010-09-24T23:42:54Z,38.92847056698036,-94.7526232242274
9,2010-06-22T23:59:24Z,38.891790309871055,-94.82268854980087
9,2010-06-26T01:54:14Z,38.88674926126778,-94.82076489908356
9,2010-07-09T01:14:10Z,38.94069182598165,-94.77896716323765
9,2010-07-19T20:02:39Z,38.91362080966665,-94.70238808957815
9,2010-07-19T18:34:53Z,38.94108248567567,-94.77656314759527
9,2010-07-19T20:02:39Z,38.85597113622277,-94.79668952617712
9,2010-07-09T01:14:10Z,38.9380332935629,-94.71722803089284
9,2010-07-12T17:49:18Z,38.913349307181875,-94.69312554936882
9,2010-06-14T00:39:31Z,38.89725376338818,-94.77788480541562
9,2010-06-06T22:38:44Z,38.8653407303334,-94.7212854998834
10,2010-05-09T19:09:20Z,38.91629060512658,-94.63122557202053
10,2010-06-26T01:59:21Z,38.962173090153705,-94.54615312841794
10,2010-01-27T22:30:52Z,39.11351117505235,-94.59620021874707
10,2010-02-04T00:28:20Z,38.85479690590412,-94.75807143345116
10,2010-07-31T21:26:45Z,38.928278062756526,-94.70054419557887
10,2010-01-28T19:16:57Z,38.97657849626695,-94.68183852599317
10,2010-01-28T19:16:57Z,38.97331279116386,-94.66603329089827
10,2010-06-26T22:53:45Z,38.970905678091064,-94.71347873946412
10,2010-02-12T04:31:21Z,38.96167097450914,-94.68314396793606
10,2010-01-28T16:09:32Z,38.85983096874161,-94.8277969144232
10,2010-02-01T19:01:27Z,38.94033388234161,-94.76369022425126
10,2010-06-05T23:53:31Z,38.919442998215146,-94.760498354809
10,2010-02-04T19:02:42Z,38.90179728130418,-94.72802231633285
10,2010-02-24T18:32:15Z,38.89800910806651,-94.76227867966756
10,2010-01-27T18:57:01Z,38.936426879565836,-94.7563607786252
10,2010-02-09T01:04:03Z,38.90332344123753,-94.74055835826468
10,2010-01-30T01:46:25Z,38.9878118110898,-94.68157469930075
10,2010-02-07T20:35:25Z,39.00631929645887,-94.60344414378739
10,2010-01-28T19:38:41Z,38.99429189603119,-94.55630066729283
10,2010-01-28T19:38:41Z,39.00792367531577,-94.57986612877198
10,2010-08-28T16:31:17Z,38.947308904654946,-94.67784315192603
10,2010-02-24T18:32:15Z,38.98100874213404,-94.67375796281523
10,2010-06-19T21:51:19Z,38.90614091145871,-94.75728814962969
10,2010-07-31T18:03:59Z,38.920494099449556,-94.76447563318814
10,2010-08-14T00:37:46Z,38.93852767075101,-94.75320880124197
10,2010-06-23T00:27:09Z,38.96283386260196,-94.67027149099579
10,2010-06-23T22:18:07Z,39.01245150740928,-94.61332241738127
10,2010-01-27T23:44:50Z,39.11638262133603,-94.59216585488336
10,2010-02-12T01:31:14Z,38.858838578987395,-94.75147786605922
10,2010-01-29T01:10:43Z,38.91618520922472,-94.78355214996321
10,2010-06-18T23:28:29Z,38.914669806177294,-94.74257388436182
10,2010-05-22T00:51:07Z,38.91495123469482,-94.77102677505471
10,2010-07-05T00:48:59Z,38.858418905996054,-94.73616205220223
10,2010-04-24T20:18:00Z,38.934883598956404,-94.68063308958553
10,2010-03-13T01:38:26Z,38.93691489971639,-94.7530052500017
10,2010-01-27T18:59:03Z,38.88948133858482,-94.84806080081418
10,2010-02-04T00:28:20Z,38.855388748110556,-94.75329963073295
10,2010-06-20T02:52:30Z,38.91129146907009,-94.78863243436786
10,2010-06-26T22:53:45Z,38.96317815445384,-94.82599698843522
10,2010-01-28T19:38:41Z,39.11659566200278,-94.84087500538303
10,2010-06-26T00:32:19Z,38.941975952549384,-94.76375048886092
10,2010-04-24T20:18:00Z,38.93300457887363,-94.68041783710413
10,2010-06-23T22:18:07Z,38.91810706146184,-94.6559217752121
10,2010-06-26T22:53:45Z,38.925485473452355,-94.60496797913419
10,2010-01-28T19:16:57Z,38.90410419404408,-94.66036827729096
10,2010-01-28T19:16:57Z,38.94120825980914,-94.65555117685439
10,2010-04-03T01:32:09Z,38.919608154171236,-94.69153609824146
10,2010-02-12T02:10:29Z,38.91722923764647,-94.60945908161948
10,2010-06-04T23:44:14Z,38.901025584690046,-94.60509009822981
10,2010-06-19T22:58:32Z,38.939712685814285,-94.67138164544373
10,2010-02-07T20:35:25Z,38.93321524797451,-94.77366055305524
10,2010-03-15T00:40:59Z,38.875418237750345,-94.78372303063989
10,2010-02-12T02:10:29Z,38.8810728179905,-94.8280892697438
10,2010-01-28T18:44:31Z,38.87109759187011,-94.82100313512267
10,2010-01-30T01:46:25Z,38.881069163426325,-94.80428404365925
10,2010-06-11T19:20:13Z,38.867943511101664,-94.8181393398064
10,2010-01-28T18:44:31Z,38.89537042723427,-94.83298392170525
10,2010-07-16T21:23:50Z,38.90985564424497,-94.78215362869595
10,2010-02-07T19:24:58Z,38.93071834861979,-94.78681127165022
10,2010-06-06T01:23:59Z,38.9249043526051,-94.77113065567366
10,2010-05-18T19:17:38Z,38.93846740398387,-94.76805273362216
10,2010-02-01T18:57:13Z,38.96119344204765,-94.83797570914227
10,2010-04-24T20:18:00Z,38.90835544553165,-94.76925593482883
10,2010-07-14T01:36:47Z,38.90797325933072,-94.75233619165219
10,2010-06-05T23:53:31Z,38.85486478303908,-94.82640242552955
10,2010-04-03T01:32:09Z,38.91083363006081,-94.781573152146
10,2010-03-14T23:33:05Z,38.93888366922973,-94.76908278249496
10,2010-06-24T02:07:55Z,38.93905979987052,-94.766432661847
10,2010-02-07T20:20:12Z,38.96477404966457,-94.67408544663324
10,2010-02-08T01:16:31Z,38.93082672328124,-94.72119278271265
10,2010-06-19T21:51:19Z,38.92892864425871,-94.6807593663046
10,2010-04-28T20:38:07Z,38.90065525549319,-94.78348649811342
10,2010-01-30T01:46:25Z,38.87600689440085,-94.80051900757593
10,2010-06-20T02:52:30Z,38.85855519065541,-94.84486815690383
10,2010-02-07T20:20:12Z,38.85604172281214,-94.84449725411915
10,2010-06-26T01:59:21Z,38.87494244835909,-94.80333930485695
10,2010-07-13T20:37:46Z,38.9149193976654,-94.72507292625644
10,2010-06-24T02:07:55Z,38.93296120247927,-94.74776677581553
10,2010-02-01T18:57:13Z,38.92017945736479,-94.76063262847717
10,2010-02-07T20:20:12Z,38.94262167312401,-94.67294389653867
10,2010-09-27T20:28:39Z,38.89593773819672,-94.73382586860242
10,2010-08-01T20:11:02Z,38.91404489507818,-94.7859282533713
10,2010-02-04T19:02:42Z,38.91757156000651,-94.74975784443315
10,2010-01-29T01:10:43Z,38.910108305115486,-94.75463151255983
10,2010-06-23T00:27:09Z,38.90387238599097,-94.75174665430039
10,2010-02-08T21:28:20Z,38.92765817975256,-94.73749230395516
10,2010-06-26T00:32:19Z,38.91645894747132,-94.77223804871984
10,2010-07-17T01:11:39Z,38.934438172371756,-94.73611211862966
10,2010-08-23T20:31:46Z,38.883127979327554,-94.81941697805635
10,2010-06-23T00:27:09Z,38.98590056967362,-94.71626662486513
10,2010-06-06T01:23:59Z,38.863672937255,-94.76615131286529
10,2010-08-01T20:11:02Z,38.91049348359415,-94.67394239442584
10,2010-01-28T19:16:57Z,38.938657753183755,-94.65128263918977
10,2010-02-16T00:46:04Z,38.860917163133614,-94.7504408808029
10,2010-05-22T23:31:32Z,38.934467414348276,-94.7549225457289
10,2010-01-30T01:46:25Z,38.92133486184483,-94.76945375923867
10,2010-06-11T19:20:13Z,38.89964070927688,-94.76160258838121
10,2010-08-01T20:11:02Z,38.92071201439491,-94.75920045565982
10,2010-08-29T23:13:36Z,38.91179666251503,-94.75782196888044
10,2010-09-27T20:28:39Z,38.935072126378316,-94.77624897937153
10,2010-01-30T01:46:25Z,38.95511351432469,-94.69546990500666
10,2010-06-23T22:18:07Z,38.98987720492898,-94.62070713603602
10,2010-01-28T19:38:41Z,39.02745138366983,-94.59680868194256
10,2010-06-18T23:28:29Z,38.92541507871456,-94.72613202420179
10,2010-01-30T00:28:48Z,38.9065098251779,-94.73150451695412
10,2010-07-31T18:03:59Z,38.93865548281769,-94.73067713437692
10,2010-04-24T20:18:00Z,38.86348764354734,-94.7452956168292
10,2010-08-14T00:37:46Z,38.94205882628854,-94.74708314955717
10,2010-08-29T23:13:36Z,38.93023165955011,-94.70635875497233
10,2010-04-28T20:38:07Z,38.883223160619416,-94.83116899031457
10,2010-06-23T00:27:09Z,38.93638427929593,-94.774855714313
10,2010-06-20T17:22:34Z,38.97145043350628,-94.69682979447671
10,2010-02-01T19:13:22Z,38.98235102823986,-94.67373372587352
10,2010-02-07T20:35:25Z,38.95239702370631,-94.67906651868749
10,2010-06-20T17:22:34Z,38.94364545737183,-94.72060208345056
10,2010-06-23T22:18:07Z,38.96789511916949,-94.69431449007527
10,2010-01-29T00:13:54Z,38.917058354607846,-94.74834754921349
10,2010-06-06T01:23:59Z,38.91894385076584,-94.72881412289424
10,2010-03-13T01:38:26Z,38.86886520783374,-94.78373697764657
10,2010-01-27T18:59:03Z,38.91349420515165,-94.68753085459038
10,2010-03-15T00:40:59Z,38.869763708279564,-94.73361729810927
10,2010-06-05T23:53:31Z,38.92681170741609,-94.66430179111222
10,2010-05-22T00:51:07Z,38.853656877389845,-94.80602610952582
10,2010-01-29T01:10:43Z,38.94163767645919,-94.74146091798401
10,2010-02-07T20:35:25Z,38.98460382043683,-94.70804583579255
10,2010-01-31T18:40:36Z,38.895749531421906,-94.72647231268134
10,2010-02-04T19:02:42Z,38.91085350006854,-94.74843605147095
10,2010-06-26T01:59:21Z,38.929890957433955,-94.75881675875782
10,2010-02-12T02:10:29Z,38.91561498181631,-94.73431601473217
10,2010-06-24T18:50:27Z,38.91660445926705,-94.72543565290069
10,2010-07-31T21:26:45Z,38.92146887367534,-94.74520073300089
10,2010-08-03T22:40:16Z,38.902950686416375,-94.73519360173778
10,2010-06-05T23:53:31Z,38.885439843627914,-94.73428434680082
10,2010-04-24T19:13:23Z,38.92095688588264,-94.60553253387766
10,2010-02-08T21:28:20Z,38.93138919260206,-94.67033188086009
10,2010-06-26T22:53:45Z,38.91330201308353,-94.74458698006787
10,2010-07-11T23:50:00Z,38.89162039775591,-94.74604729021661
10,2010-07-31T21:26:45Z,38.941459929186514,-94.78738495546274
10,2010-06-06T01:23:59Z,38.90814492030432,-94.7507716092269
10,2010-08-29T23:13:36Z,38.85977320880529,-94.76208825063534
10,2010-10-13T00:20:50Z,38.90577684615679,-94.72620948889345
10,2010-08-29T23:13:36Z,38.902517462999505,-94.67070487220161
10,2010-06-23T22:18:07Z,38.899067199015015,-94.6121341389375
10,2010-06-20T17:22:34Z,38.94177134557933,-94.6072648381671
10,2010-01-27T22:30:52Z,38.93281078193266,-94.6006817282308
10,2010-06-26T22:53:45Z,38.92421427505422,-94.61114675335241
10,2010-01-29T14:16:02Z,38.89900720569024,-94.65279417662363
10,2010-01-30T00:28:48Z,38.8976138983544,-94.73315654590056
10,2010-06-24T18:50:27Z,38.89890879336601,-94.7845259605722
10,2010-06-20T02:52:30Z,38.90987069571524,-94.72594900394951
10,2010-06-24T18:50:27Z,38.94329879104048,-94.77209151340037
10,2010-02-04T19:02:42Z,38.9248314557895,-94.75099596593378
10,2010-07-31T21:26:45Z,38.92654054324422,-94.75276141940496
10,2010-08-24T23:26:48Z,38.90858159485814,-94.72479314357331
10,2010-07-05T01:32:49Z,38.88039773951198,-94.74492606059157
10,2010-02-01T19:13:22Z,38.862744608941924,-94.815685080242
10,2010-06-26T22:53:45Z,38.880050618706775,-94.8172073853186
10,2010-02-07T20:35:25Z,38.88288048764281,-94.82119237915526
10,2010-04-03T01:32:09Z,38.90740849737885,-94.6529680478588
10,2010-08-29T23:13:36Z,38.89632104271039,-94.71206188318706
10,2010-01-28T19:16:57Z,38.859360279026816,-94.75106742196495
10,2010-06-20T19:28:57Z,38.873366474509496,-94.82212992816876
10,2010-01-27T23:44:50Z,38.88954230394254,-94.83871202014363
10,2010-01-31T18:40:36Z,38.88831469234041,-94.7532418139612
10,2010-01-29T01:10:43Z,38.94274087490155,-94.76821134204529
10,2010-06-19T22:58:32Z,38.90771411329773,-94.76663854639354
10,2010-06-05T23:53:31Z,38.91474014637923,-94.75300645951319
10,2010-06-24T18:50:27Z,38.92133428989828,-94.74939851869888
10,2010-02-08T21:28:20Z,38.91297009099363,-94.73166506432275
10,2010-10-13T00:20:50Z,38.97293102924909,-94.70013172474481
10,2010-05-22T23:31:32Z,38.905193209135724,-94.76294456660925
10,2010-02-07T20:35:25Z,38.85347505265953,-94.81572606973917
10,2010-06-23T22:18:07Z,38.87687854832334,-94.82538365627026
10,2010-02-07T20:35:25Z,38.88341089405593,-94.81279557160269
10,2010-06-23T22:18:07Z,38.87017340511402,-94.81627194357496
10,2010-06-26T22:53:45Z,38.8786161676019,-94.83131896790653
10,2010-04-28T20:38:07Z,38.873810039256476,-94.84586659666762
10,2010-08-01T20:11:02Z,38.93898333755641,-94.75935978356856
10,2010-06-26T01:59:21Z,38.91263485067505,-94.7470481548022
10,2010-06-05T23:53:31Z,38.93176428635785,-94.75517240736924
10,2010-02-17T21:24:04Z,38.9826400608562,-94.6982515622779
10,2010-08-14T22:51:22Z,38.88505369955472,-94.84278460212713
10,2010-02-21T22:34:16Z,38.93407638905962,-94.74942631180151
10,2010-01-29T01:10:43Z,38.88573613729186,-94.7694123783573
10,2010-03-03T19:45:32Z,38.89113082507519,-94.72945194954207
10,2010-07-05T01:32:49Z,38.931622011297094,-94.76645617333756
10,2010-02-01T19:01:27Z,38.90810167873669,-94.76870395191084
10,2010-08-14T22:51:22Z,38.91673818503157,-94.76952004231376
10,2010-06-20T02:52:30Z,38.938110340452454,-94.73644153929585
10,2010-06-05T23:53:31Z,38.933531597693424,-94.74154096315387
10,2010-03-13T01:38:26Z,38.914444564831236,-94.7595588854565
10,2010-02-01T19:01:27Z,38.9169854900432,-94.68842751818077
10,2010-02-12T04:31:21Z,38.939120663612165,-94.63797517226804
10,2010-06-20T17:22:34Z,38.907059003030454,-94.61733878284612
10,2010-01-28T19:16:57Z,38.94264662068195,-94.62347738407297
10,2010-01-29T14:16:02Z,38.91118292838379,-94.63314053646477
10,2010-02-01T19:13:22Z,38.94189070640699,-94.65992056856868
10,2010-03-15T00:40:59Z,38.91541446308601,-94.71529939299967
10,2010-06-23T00:27:09Z,38.9871684609816,-94.6076754272946
10,2010-01-28T19:16:57Z,39.02970492836431,-94.59190700474306
10,2010-07-31T18:03:59Z,38.925387794655265,-94.757600291153
10,2010-07-14T01:36:47Z,38.90192064676115,-94.77169949793237
10,2010-06-26T00:32:19Z,38.904815451646414,-94.74263942305784
10,2010-02-01T19:01:27Z,38.94263579718921,-94.71357757902202
10,2010-06-20T17:22:34Z,38.929371385135546,-94.64332918780482
10,2010-02-12T04:31:21Z,38.9204341380916,-94.64471023866217
10,2010-06-06T01:23:59Z,38.90471098058222,-94.611884014036
10,2010-02-01T19:01:27Z,38.85289270634048,-94.68261754869134
10,2010-02-07T20:35:25Z,38.896826898377725,-94.77434224286561
10,2010-01-29T14:16:02Z,38.86043272069757,-94.7526080621239
10,2010-02-07T20:35:25Z,38.87787321891937,-94.7459629610827
10,2010-06-26T22:53:45Z,38.85692198769593,-94.76978782255897
10,2010-02-07T20:35:25Z,38.863260522163884,-94.74877660886587
10,2010-03-20T00:09:27Z,38.96962382906454,-94.79313001992261
10,2010-01-28T18:44:31Z,38.933270769169845,-94.7315168156198
11,2010-06-28T19:40:21Z,39.258869766519474,-93.97623450529206
11,2010-09-13T22:36:11Z,36.60244256200501,-92.20604963782633
11,2010-06-24T14:58:43Z,33.660535290508186,-87.66723454073013
11,2010-06-20T18:25:35Z,32.64830576613314,-87.23955227092874
11,2010-09-13T16:56:55Z,29.446378009202572,-82.86592549231814
11,2010-09-04T19:28:27Z,27.2968903174801,-80.32313635668463
11,2010-05-23T17:13:28Z,27.38381737243855,-81.61853758577561
11,2010-06-24T09:38:55Z,28.26111325974754,-80.52872765723588
11,2010-09-18T15:47:42Z,29.30074660471115,-82.77341964937756
11,2010-06-24T14:58:43Z,31.191929120307112,-87.1607930294612
11,2010-06-13T17:53:34Z,34.84450916326513,-88.49193603852639
11,2010-05-22T17:41:42Z,35.16409089034717,-90.10096304757292
11,2010-09-06T16:48:02Z,38.83388670923939,-93.86769044189509
11,2010-09-06T16:48:02Z,37.14586737198131,-93.29964778417316
11,2010-05-23T17:13:28Z,28.071856720162152,-80.66884608097831
11,2010-09-06T16:48:02Z,26.896097239183653,-80.56728719974066
11,2010-09-09T10:12:14Z,27.401288796659014,-82.50514729798377
11,2010-09-06T16:48:02Z,27.705130855017664,-80.14309342874147
11,2010-09-13T16:56:55Z,28.024627855533822,-81.32757019706735
11,2010-06-12T13:02:32Z,26.329050307585298,-81.79980020975174
11,2010-09-13T16:56:55Z,26.869010083852114,-80.63870693839041
11,2010-09-11T01:59:32Z,27.145972932389174,-81.06257723130743
11,2010-05-22T17:41:42Z,27.724067526291794,-81.16939452973871
11,2010-09-13T22:36:11Z,28.59038987683803,-84.01001568295511
11,2010-06-24T14:58:43Z,30.537299245595158,-85.0026273309551
11,2010-09-06T16:48:02Z,34.16577373931735,-89.86634191259478
11,2010-06-28T19:40:21Z,35.72837747508274,-91.56326365887821
11,2010-09-11T01:59:32Z,38.361271332615615,-93.58706325741696
11,2010-06-13T17:53:34Z,38.62985925730998,-94.56034042675043
11,2010-09-09T10:12:14Z,27.279761939921816,-80.18950050970302
11,2010-10-10T17:03:14Z,26.50195870810379,-80.74605925760247
11,2010-06-13T17:53:34Z,26.973435146890274,-81.687369701381
11,2010-05-22T17:41:42Z,27.01341002470366,-81.74952283019576
11,2010-09-12T00:20:16Z,26.78285261608067,-81.47356521470465
11,2010-06-12T13:02:32Z,27.394347253365428,-80.70609793385027
11,2010-06-20T18:25:35Z,27.320930454294643,-80.46148190892237
11,2010-06-28T19:40:21Z,27.030572209885285,-82.35088137337559
11,2010-05-23T17:13:28Z,27.149426887268138,-81.58930802908722
11,2010-06-12T13:02:32Z,27.179817947571994,-82.33622102680276
11,2010-09-04T19:28:27Z,27.44756860429584,-82.46615919007706
11,2010-05-23T17:13:28Z,26.350311614269998,-80.99952797206564
11,2010-09-18T13:56:44Z,26.363430284519193,-80.7319124231352
11,2010-09-13T16:56:55Z,27.672071403937515,-80.52340272934836
11,2010-09-12T00:20:16Z,26.692948464063836,-80.66525320278011
11,2010-05-23T17:13:28Z,27.694594198019367,-80.78953429625712
11,2010-09-11T01:59:32Z,27.38685027368385,-81.19822450100578
11,2010-09-04T19:28:27Z,26.817437440340683,-81.79129377678686
11,2010-06-13T17:53:34Z,26.960977996063725,-81.57822887459795
11,2010-09-13T22:36:11Z,29.131336124624433,-83.62562904797602
11,2010-09-13T23:34:39Z,31.63382962879455,-86.54245969644671
11,2010-05-22T17:41:42Z,34.35003091217148,-89.36317455158027
11,2010-06-05T15:25:24Z,35.43310544827662,-90.44810683632551
11,2010-09-04T19:28:27Z,37.44341904519372,-93.134334687592
11,2010-08-28T16:58:41Z,38.95107665181628,-93.1923968376434
12,2010-05-06T00:25:58Z,-24.921580948464253,-45.962820119735504
12,2010-04-14T23:55:21Z,-21.76027669081678,-44.3283916824505
12,2010-04-12T22:12:03Z,-14.862985146658446,-39.083878045326685
12,2010-04-10T13:17:24Z,-14.586628704953524,-40.1979317948806
12,2010-04-14T23:55:21Z,-16.43320547020211,-41.7981835612392
12,2010-05-06T00:25:58Z,-24.93467111955976,-49.1347033743525
12,2010-04-12T22:12:03Z,-24.89299690637523,-47.36608863306272
12,2010-04-10T13:17:24Z,-23.606156093738853,-46.94999321028175
12,2010-04-12T22:12:03Z,-14.72201053814429,-38.901331800083774
12,2010-04-14T23:55:21Z,-25.235410556009473,-45.71532468381909
12,2010-05-06T00:25:58Z,-25.345010305340654,-48.42522185708811
12,2010-04-14T23:55:21Z,-25.237408666880974,-46.521807035311895
12,2010-04-14T23:55:21Z,-25.133797915322134,-46.67339204993017
12,2010-04-14T21:40:50Z,-24.234003649375705,-45.96310002851275
12,2010-05-06T00:25:58Z,-24.587275798525372,-45.86360200163695
12,2010-04-10T13:17:24Z,-14.129117744691003,-38.84558601892687
12,2010-04-14T23:55:21Z,-16.50761076104653,-40.87080321529417
12,2010-04-14T21:40:50Z,-25.19282269734801,-46.32531092786474
12,2010-04-10T13:17:24Z,-23.632719855537033,-47.37423985992711
12,2010-04-21T23:58:54Z,-25.04143814334682,-45.88187117170472
12,2010-04-10T13:17:24Z,-23.89492976294678,-46.194501690153
12,2010-05-06T00:25:58Z,-25.168401519585146,-46.769890392660166
13,2010-09-27T19:56:57Z,47.72296750613129,-122.36081347796438
13,2010-09-27T19:56:57Z,48.08021317951105,-122.49829804510561
13,2010-10-03T14:56:34Z,49.16740855473592,-122.99913337649713
13,2010-10-03T14:56:34Z,47.39453567310188,-122.58099978590974
13,2010-09-29T22:00:49Z,47.60632368743684,-122.5656754560721
13,2010-09-27T19:56:57Z,49.027476034494605,-123.0855887964286
13,2010-10-03T14:56:34Z,47.5101425063793,-122.50555847310976
